,Name,Price,Sales,Rating,Rating record,Discount(%),Date,Category,Ini_cat,Group_ID
159,Tinh chất nghệ Hưng Yên x2.2 (serum) với 22% vitamin C sáng da chuyên sâu & mờ vết thâm Cocoon 30ml,465.0,43000.0,,0.0,,2023-02-23,Ginger,G,14
160,Thạch nghệ Hưng Yên giúp làm sáng da và mờ thâm Cocoon 30ml,195.0,28000.0,,0.0,,2023-02-23,Ginger,G,13
161,[Mã COSCN12 giảm 8%] Mặt nạ nghệ Hưng Yên Cocoon giúp da rạng rỡ & mịn màng 30ml,145.0,228000.0,,0.0,,2023-02-23,Ginger,G,19
162,[Mã COSCN12 giảm 8%] Tinh chất nghệ Hưng Yên (serum) Cocoon sáng da chuyên sâu & mờ vết thâm 30ml,325.0,112000.0,,0.0,,2023-02-23,Ginger,G,22
163,[Mã COSCN12 giảm 8%] Combo sáng da chuyên sâu từ nghệ Hưng Yên Cocoon,817.0,384.0,,0.0,,2023-02-23,Ginger,G,18
164,[Mã COSCN12 giảm 8%] Sữa rửa mặt nghệ Hưng Yên Cocoon giúp da sạch mịn và rạng rỡ 140ml,195.0,96000.0,,0.0,,2023-02-23,Ginger,G,21
165,[Mã COSCN12 giảm 8%] Bigsize - Mặt nạ nghệ Hưng Yên Cocoon giúp da rạng rỡ & mịn màng 100ml,345.0,41000.0,,0.0,,2023-02-23,Ginger,G,16
166,Bigsize - Thạch nghệ Hưng Yên giúp làm sáng da và mờ thâm Cocoon 100ml,385.0,935.0,,0.0,,2023-02-23,Ginger,G,3
167,Bigsize - Nước nghệ Hưng Yên (toner) Cocoon làm sáng da & cấp ẩm 310ml,295.0,11000.0,,0.0,,2023-02-23,Ginger,G,1
168,SPECIAL COMBO sáng da cơ bản từ nghệ Hưng Yên Cocoon - Tặng mặt nạ nghệ Hưng Yên Cocoon 30ml,390.0,902.0,,0.0,,2023-02-23,Ginger,G,12
169,Bigsize - Sữa rửa mặt nghệ Hưng Yên Cocoon giúp da sạch mịn và rạng rỡ 310ml,295.0,32000.0,,0.0,,2023-02-23,Ginger,G,2
170,[Mã COSCN12 giảm 8%] Xịt khoáng nghệ Hưng Yên Cocoon giúp sáng da và ngăn ngừa oxy hóa Cocoon 130ml,215.0,45000.0,,0.0,,2023-02-23,Ginger,G,23
171,HÀNG TẶNG KHÔNG BÁN - Bigsize - Sữa rửa mặt nghệ Hưng Yên Cocoon giúp da sạch mịn và rạng rỡ 310ml,295.0,598.0,,0.0,,2023-02-23,Ginger,G,5
172,HÀNG TẶNG KHÔNG BÁN - Mặt nạ nghệ Hưng Yên Cocoon giúp da rạng rỡ & mịn màng 30ml,145.0,62000.0,,0.0,,2023-02-23,Ginger,G,7
173,[Mã COSCN12 giảm 8%] Nước nghệ Hưng Yên (toner) Cocoon làm sáng da & cấp ẩm 140ml,195.0,61000.0,,0.0,,2023-02-23,Ginger,G,20
174,[DEAL 1 TẶNG 1 ĐỘC QUYỀN FLASH SALE] Nước nghệ Hưng Yên 140ml TẶNG Mặt nạ nghệ 30ml Cocoon,340.0,439.0,,0.0,,2023-02-23,Ginger,G,15
175,[Mã COSCN12 giảm 8%] Combo Nước nghệ Hưng Yên 140ml + Mặt nạ nghệ 30ml Cocoon,323.0,270.0,,0.0,,2023-02-23,Ginger,G,17
176,HÀNG TẶNG KHÔNG BÁN - Bigsize - Nước nghệ Hưng Yên (toner) Cocoon làm sáng da & cấp ẩm 310ml,295.0,14000.0,,0.0,,2023-02-23,Ginger,G,4
177,HÀNG TẶNG KHÔNG BÁN - Bigsize Mặt nạ nghệ Hưng Yên Cocoon giúp da rạng rỡ & mịn màng 100ml,345.0,15000.0,,0.0,,2023-02-23,Ginger,G,6
178,HÀNG TẶNG KHÔNG BÁN - Nước nghệ Hưng Yên (toner) Cocoon làm sáng da & cấp ẩm 140ml,195.0,18000.0,,0.0,,2023-02-23,Ginger,G,8
196,HÀNG TẶNG KHÔNG BÁN - Sữa rửa mặt nghệ Hưng Yên Cocoon giúp da sạch mịn và rạng rỡ 140ml,195.0,26000.0,5,850.0,,2023-02-09,Ginger,G,9
197,Thạch nghệ Hưng Yên giúp làm sáng da và mờ thâm Cocoon 30ml,195.0,26000.0,4.9,810.0,,2023-02-09,Ginger,G,13
198,Bigsize - Thạch nghệ Hưng Yên giúp làm sáng da và mờ thâm Cocoon 100ml,385.0,880.0,4.9,297.0,,2023-02-09,Ginger,G,3
199,[Mã COSCN12 giảm 8%] Sữa rửa mặt nghệ Hưng Yên Cocoon giúp da sạch mịn và rạng rỡ 140ml,195.0,94000.0,4.9,35000.0,,2023-02-09,Ginger,G,21
200,[DEAL 1 TẶNG 1 ĐỘC QUYỀN FLASH SALE] Nước nghệ Hưng Yên 140ml TẶNG Mặt nạ nghệ 30ml Cocoon,340.0,409.0,4.9,137.0,,2023-02-09,Ginger,G,15
201,HÀNG TẶNG KHÔNG BÁN - Bigsize - Nước nghệ Hưng Yên (toner) Cocoon làm sáng da & cấp ẩm 310ml,295.0,12000.0,5,407.0,,2023-02-09,Ginger,G,4
202,SPECIAL COMBO sáng da cơ bản từ nghệ Hưng Yên Cocoon - Tặng mặt nạ nghệ Hưng Yên Cocoon 30ml,390.0,880.0,5,343.0,,2023-02-09,Ginger,G,12
203,[Mã COSCN12 giảm 8%] Bigsize - Mặt nạ nghệ Hưng Yên Cocoon giúp da rạng rỡ & mịn màng 100ml,345.0,4000.0,4.9,16000.0,,2023-02-09,Ginger,G,16
204,Bigsize - Nước nghệ Hưng Yên (toner) Cocoon làm sáng da & cấp ẩm 310ml,295.0,11000.0,5,304.0,,2023-02-09,Ginger,G,1
205,[Mã COSCN12 giảm 8%] Mặt nạ nghệ Hưng Yên Cocoon giúp da rạng rỡ & mịn màng 30ml,145.0,226000.0,5,88000.0,,2023-02-09,Ginger,G,19
206,HÀNG TẶNG KHÔNG BÁN - Nước nghệ Hưng Yên (toner) Cocoon làm sáng da & cấp ẩm 140ml,195.0,17000.0,4.9,582.0,,2023-02-09,Ginger,G,8
207,Bigsize - Sữa rửa mặt nghệ Hưng Yên Cocoon giúp da sạch mịn và rạng rỡ 310ml,295.0,29000.0,4.9,938.0,,2023-02-09,Ginger,G,2
208,HÀNG TẶNG KHÔNG BÁN - Bigsize - Sữa rửa mặt nghệ Hưng Yên Cocoon giúp da sạch mịn và rạng rỡ 310ml,295.0,593.0,4.9,176.0,,2023-02-09,Ginger,G,5
209,[Mã COSCN12 giảm 8%] Combo Nước nghệ Hưng Yên 140ml + Mặt nạ nghệ 30ml Cocoon,323.0,264.0,4.9,109.0,,2023-02-09,Ginger,G,17
210,[Mã COSCN12 giảm 8%] Xịt khoáng nghệ Hưng Yên Cocoon giúp sáng da và ngăn ngừa oxy hóa Cocoon 130ml,215.0,44000.0,4.9,16000.0,,2023-02-09,Ginger,G,23
211,HÀNG TẶNG KHÔNG BÁN - Bigsize Mặt nạ nghệ Hưng Yên Cocoon giúp da rạng rỡ & mịn màng 100ml,345.0,15000.0,5,646.0,,2023-02-09,Ginger,G,6
224,[Mã COSCN12 giảm 8%] Sữa rửa mặt nghệ Hưng Yên Cocoon giúp da sạch mịn và rạng rỡ 140ml,195.0,94000.0,4.9,35000.0,,2023-02-10,Ginger,G,21
225,[Mã COSCN12 giảm 8%] Mặt nạ nghệ Hưng Yên Cocoon giúp da rạng rỡ & mịn màng 30ml,145.0,226000.0, ,88000.0,,2023-02-10,Ginger,G,19
226,[DEAL 1 TẶNG 1 ĐỘC QUYỀN FLASH SALE] Nước nghệ Hưng Yên 140ml TẶNG Mặt nạ nghệ 30ml Cocoon,340.0,409.0,4.9,137.0,,2023-02-10,Ginger,G,15
227,HÀNG TẶNG KHÔNG BÁN - Bigsize - Nước nghệ Hưng Yên (toner) Cocoon làm sáng da & cấp ẩm 310ml,295.0,12000.0,5,414.0,,2023-02-10,Ginger,G,4
228,Bigsize - Nước nghệ Hưng Yên (toner) Cocoon làm sáng da & cấp ẩm 310ml,295.0,11000.0,5,305.0,,2023-02-10,Ginger,G,1
229,Thạch nghệ Hưng Yên giúp làm sáng da và mờ thâm Cocoon 30ml,195.0,26000.0,4.9,814.0,,2023-02-10,Ginger,G,13
230,Bigsize - Thạch nghệ Hưng Yên giúp làm sáng da và mờ thâm Cocoon 100ml,385.0,885.0,4.9,298.0,,2023-02-10,Ginger,G,3
231,[Mã COSCN12 giảm 8%] Nước nghệ Hưng Yên (toner) Cocoon làm sáng da & cấp ẩm 140ml,195.0,6000.0, ,24000.0,,2023-02-10,Ginger,G,20
232,Bigsize - Sữa rửa mặt nghệ Hưng Yên Cocoon giúp da sạch mịn và rạng rỡ 310ml,295.0,29000.0,4.9,947.0,,2023-02-10,Ginger,G,2
233,SPECIAL COMBO sáng da cơ bản từ nghệ Hưng Yên Cocoon - Tặng mặt nạ nghệ Hưng Yên Cocoon 30ml,390.0,882.0,5,343.0,,2023-02-10,Ginger,G,12
234,[Mã COSCN12 giảm 8%] Bigsize - Mặt nạ nghệ Hưng Yên Cocoon giúp da rạng rỡ & mịn màng 100ml,345.0,4000.0,4.9,16000.0,,2023-02-10,Ginger,G,16
235,HÀNG TẶNG KHÔNG BÁN - Mặt nạ nghệ Hưng Yên Cocoon giúp da rạng rỡ & mịn màng 30ml,145.0,62000.0,5,2000.0,,2023-02-10,Ginger,G,7
236,[Mã COSCN12 giảm 8%] Combo Nước nghệ Hưng Yên 140ml + Mặt nạ nghệ 30ml Cocoon,323.0,266.0, ,109.0,,2023-02-10,Ginger,G,17
237,HÀNG TẶNG KHÔNG BÁN - Bigsize - Sữa rửa mặt nghệ Hưng Yên Cocoon giúp da sạch mịn và rạng rỡ 310ml,295.0,594.0,4.9,177.0,,2023-02-10,Ginger,G,5
238,HÀNG TẶNG KHÔNG BÁN - Sữa rửa mặt nghệ Hưng Yên Cocoon giúp da sạch mịn và rạng rỡ 140ml,195.0,26000.0,5,850.0,,2023-02-10,Ginger,G,9
239,Tinh chất nghệ Hưng Yên x2.2 (serum) với 22% vitamin C sáng da chuyên sâu & mờ vết thâm Cocoon 30ml,465.0,4000.0,4.9,11000.0,,2023-02-10,Ginger,G,14
240,HÀNG TẶNG KHÔNG BÁN - Bigsize Mặt nạ nghệ Hưng Yên Cocoon giúp da rạng rỡ & mịn màng 100ml,345.0,15000.0,5,646.0,,2023-02-10,Ginger,G,6
241,HÀNG TẶNG KHÔNG BÁN - Nước nghệ Hưng Yên (toner) Cocoon làm sáng da & cấp ẩm 140ml,195.0,17000.0,4.9,583.0,,2023-02-10,Ginger,G,8
249,[DEAL 1 TẶNG 1 ĐỘC QUYỀN FLASH SALE] Nước nghệ Hưng Yên 140ml TẶNG Mặt nạ nghệ 30ml Cocoon,340.0,411.0,4.9,137.0,,2023-02-11,Ginger,G,15
250,[Mã COSCN12 giảm 8%] Nước nghệ Hưng Yên (toner) Cocoon làm sáng da & cấp ẩm 140ml,195.0,6000.0,5,24000.0,,2023-02-11,Ginger,G,20
251,Bigsize - Thạch nghệ Hưng Yên giúp làm sáng da và mờ thâm Cocoon 100ml,385.0,892.0,4.9,298.0,,2023-02-11,Ginger,G,3
252,[Mã COSCN12 giảm 8%] Mặt nạ nghệ Hưng Yên Cocoon giúp da rạng rỡ & mịn màng 30ml,145.0,226000.0,5,88000.0,,2023-02-11,Ginger,G,19
253,HÀNG TẶNG KHÔNG BÁN - Bigsize - Nước nghệ Hưng Yên (toner) Cocoon làm sáng da & cấp ẩm 310ml,295.0,12000.0,5,418.0,,2023-02-11,Ginger,G,4
254,[Mã COSCN12 giảm 8%] Bigsize - Mặt nạ nghệ Hưng Yên Cocoon giúp da rạng rỡ & mịn màng 100ml,345.0,4000.0,4.9,16000.0,,2023-02-11,Ginger,G,16
255,Bigsize - Nước nghệ Hưng Yên (toner) Cocoon làm sáng da & cấp ẩm 310ml,295.0,11000.0,5,305.0,,2023-02-11,Ginger,G,1
256,SPECIAL COMBO sáng da cơ bản từ nghệ Hưng Yên Cocoon - Tặng mặt nạ nghệ Hưng Yên Cocoon 30ml,390.0,884.0,5,343.0,,2023-02-11,Ginger,G,12
257,Thạch nghệ Hưng Yên giúp làm sáng da và mờ thâm Cocoon 30ml,195.0,26000.0,4.9,817.0,,2023-02-11,Ginger,G,13
258,HÀNG TẶNG KHÔNG BÁN - Sữa rửa mặt nghệ Hưng Yên Cocoon giúp da sạch mịn và rạng rỡ 140ml,195.0,26000.0,5,850.0,,2023-02-11,Ginger,G,9
259,[Mã COSCN12 giảm 8%] Combo sáng da chuyên sâu từ nghệ Hưng Yên Cocoon,817.0,384.0,5,137.0,,2023-02-11,Ginger,G,18
260,[Mã COSCN12 giảm 8%] Combo Nước nghệ Hưng Yên 140ml + Mặt nạ nghệ 30ml Cocoon,323.0,266.0,4.9,109.0,,2023-02-11,Ginger,G,17
261,HÀNG TẶNG KHÔNG BÁN - Bigsize - Sữa rửa mặt nghệ Hưng Yên Cocoon giúp da sạch mịn và rạng rỡ 310ml,295.0,594.0,4.9,177.0,,2023-02-11,Ginger,G,5
262,HÀNG TẶNG KHÔNG BÁN - Mặt nạ nghệ Hưng Yên Cocoon giúp da rạng rỡ & mịn màng 30ml,145.0,62000.0,5,2000.0,,2023-02-11,Ginger,G,7
263,Tinh chất nghệ Hưng Yên x2.2 (serum) với 22% vitamin C sáng da chuyên sâu & mờ vết thâm Cocoon 30ml,465.0,4000.0,4.9,11000.0,,2023-02-11,Ginger,G,14
264,HÀNG TẶNG KHÔNG BÁN - Bigsize Mặt nạ nghệ Hưng Yên Cocoon giúp da rạng rỡ & mịn màng 100ml,345.0,15000.0,5,646.0,,2023-02-11,Ginger,G,6
265,HÀNG TẶNG KHÔNG BÁN - Nước nghệ Hưng Yên (toner) Cocoon làm sáng da & cấp ẩm 140ml,195.0,17000.0,4.9,588.0,,2023-02-11,Ginger,G,8
273,[Mã COSCN12 giảm 8%] Tinh chất nghệ Hưng Yên (serum) Cocoon sáng da chuyên sâu & mờ vết thâm 30ml,325.0,112000.0,4.9,42000.0,,2023-02-12,Ginger,G,22
274,Bigsize - Thạch nghệ Hưng Yên giúp làm sáng da và mờ thâm Cocoon 100ml,385.0,897.0,4.9,300.0,,2023-02-12,Ginger,G,3
275,[Mã COSCN12 giảm 8%] Sữa rửa mặt nghệ Hưng Yên Cocoon giúp da sạch mịn và rạng rỡ 140ml,195.0,95000.0,4.9,35000.0,,2023-02-12,Ginger,G,21
276,Tinh chất nghệ Hưng Yên x2.2 (serum) với 22% vitamin C sáng da chuyên sâu & mờ vết thâm Cocoon 30ml,465.0,4000.0,4.9,11000.0,,2023-02-12,Ginger,G,14
277,[Mã COSCN12 giảm 8%] Mặt nạ nghệ Hưng Yên Cocoon giúp da rạng rỡ & mịn màng 30ml,145.0,227000.0,5,88000.0,,2023-02-12,Ginger,G,19
278,[Mã COSCN12 giảm 8%] Bigsize - Mặt nạ nghệ Hưng Yên Cocoon giúp da rạng rỡ & mịn màng 100ml,345.0,4000.0,4.9,16000.0,,2023-02-12,Ginger,G,16
279,Bigsize - Nước nghệ Hưng Yên (toner) Cocoon làm sáng da & cấp ẩm 310ml,295.0,11000.0,5,306.0,,2023-02-12,Ginger,G,1
280,[DEAL 1 TẶNG 1 ĐỘC QUYỀN FLASH SALE] Nước nghệ Hưng Yên 140ml TẶNG Mặt nạ nghệ 30ml Cocoon,340.0,413.0,4.9,137.0,,2023-02-12,Ginger,G,15
281,[Mã COSCN12 giảm 8%] Nước nghệ Hưng Yên (toner) Cocoon làm sáng da & cấp ẩm 140ml,195.0,6000.0,5,24000.0,,2023-02-12,Ginger,G,20
282,SPECIAL COMBO sáng da cơ bản từ nghệ Hưng Yên Cocoon - Tặng mặt nạ nghệ Hưng Yên Cocoon 30ml,390.0,884.0,5,343.0,,2023-02-12,Ginger,G,12
283,HÀNG TẶNG KHÔNG BÁN - Bigsize - Nước nghệ Hưng Yên (toner) Cocoon làm sáng da & cấp ẩm 310ml,295.0,12000.0,5,418.0,,2023-02-12,Ginger,G,4
284,[Mã COSCN12 giảm 8%] Combo sáng da chuyên sâu từ nghệ Hưng Yên Cocoon,817.0,384.0, ,138.0,,2023-02-12,Ginger,G,18
285,HÀNG TẶNG KHÔNG BÁN - Nước nghệ Hưng Yên (toner) Cocoon làm sáng da & cấp ẩm 140ml,195.0,17000.0,4.9,591.0,,2023-02-12,Ginger,G,8
286,Bigsize - Sữa rửa mặt nghệ Hưng Yên Cocoon giúp da sạch mịn và rạng rỡ 310ml,295.0,29000.0,4.9,953.0,,2023-02-12,Ginger,G,2
287,HÀNG TẶNG KHÔNG BÁN - Mặt nạ nghệ Hưng Yên Cocoon giúp da rạng rỡ & mịn màng 30ml,145.0,62000.0,5,2000.0,,2023-02-12,Ginger,G,7
288,[Mã COSCN12 giảm 8%] Combo Nước nghệ Hưng Yên 140ml + Mặt nạ nghệ 30ml Cocoon,323.0,266.0,4.9,109.0,,2023-02-12,Ginger,G,17
289,[Mã COSCN12 giảm 8%] Xịt khoáng nghệ Hưng Yên Cocoon giúp sáng da và ngăn ngừa oxy hóa Cocoon 130ml,215.0,44000.0,4.9,16000.0,,2023-02-12,Ginger,G,23
290,HÀNG TẶNG KHÔNG BÁN - Bigsize Mặt nạ nghệ Hưng Yên Cocoon giúp da rạng rỡ & mịn màng 100ml,345.0,15000.0,5,646.0,,2023-02-12,Ginger,G,6
303,[Mã COSCN12 giảm 8%] Mặt nạ nghệ Hưng Yên Cocoon giúp da rạng rỡ & mịn màng 30ml,145.0,227000.0,5,88000.0,,2023-02-13,Ginger,G,19
304,[Mã COSCN12 giảm 8%] Tinh chất nghệ Hưng Yên (serum) Cocoon sáng da chuyên sâu & mờ vết thâm 30ml,325.0,112000.0,4.9,42000.0,,2023-02-13,Ginger,G,22
305,Thạch nghệ Hưng Yên giúp làm sáng da và mờ thâm Cocoon 30ml,195.0,27000.0,4.9,823.0,,2023-02-13,Ginger,G,13
306,Tinh chất nghệ Hưng Yên x2.2 (serum) với 22% vitamin C sáng da chuyên sâu & mờ vết thâm Cocoon 30ml,465.0,41000.0,4.9,12000.0,,2023-02-13,Ginger,G,14
307,SPECIAL COMBO sáng da cơ bản từ nghệ Hưng Yên Cocoon - Tặng mặt nạ nghệ Hưng Yên Cocoon 30ml,390.0,886.0,5,343.0,,2023-02-13,Ginger,G,12
308,[Mã COSCN12 giảm 8%] Sữa rửa mặt nghệ Hưng Yên Cocoon giúp da sạch mịn và rạng rỡ 140ml,195.0,95000.0,4.9,35000.0,,2023-02-13,Ginger,G,21
309,Bigsize - Thạch nghệ Hưng Yên giúp làm sáng da và mờ thâm Cocoon 100ml,385.0,901.0,4.9,303.0,,2023-02-13,Ginger,G,3
310,[Mã COSCN12 giảm 8%] Bigsize - Mặt nạ nghệ Hưng Yên Cocoon giúp da rạng rỡ & mịn màng 100ml,345.0,4000.0,4.9,16000.0,,2023-02-13,Ginger,G,16
311,HÀNG TẶNG KHÔNG BÁN - Bigsize - Nước nghệ Hưng Yên (toner) Cocoon làm sáng da & cấp ẩm 310ml,295.0,12000.0,5,420.0,,2023-02-13,Ginger,G,4
312,[Mã COSCN12 giảm 8%] Nước nghệ Hưng Yên (toner) Cocoon làm sáng da & cấp ẩm 140ml,195.0,6000.0,5,24000.0,,2023-02-13,Ginger,G,20
313,Bigsize - Sữa rửa mặt nghệ Hưng Yên Cocoon giúp da sạch mịn và rạng rỡ 310ml,295.0,29000.0,4.9,955.0,,2023-02-13,Ginger,G,2
314,[Mã COSCN12 giảm 8%] Combo Nước nghệ Hưng Yên 140ml + Mặt nạ nghệ 30ml Cocoon,323.0,267.0,4.9,109.0,,2023-02-13,Ginger,G,17
315,HÀNG TẶNG KHÔNG BÁN - Mặt nạ nghệ Hưng Yên Cocoon giúp da rạng rỡ & mịn màng 30ml,145.0,62000.0,5,2000.0,,2023-02-13,Ginger,G,7
316,Bigsize - Nước nghệ Hưng Yên (toner) Cocoon làm sáng da & cấp ẩm 310ml,295.0,11000.0,5,307.0,,2023-02-13,Ginger,G,1
317,HÀNG TẶNG KHÔNG BÁN - Bigsize - Sữa rửa mặt nghệ Hưng Yên Cocoon giúp da sạch mịn và rạng rỡ 310ml,295.0,594.0,4.9,177.0,,2023-02-13,Ginger,G,5
318,HÀNG TẶNG KHÔNG BÁN - Bigsize Mặt nạ nghệ Hưng Yên Cocoon giúp da rạng rỡ & mịn màng 100ml,345.0,15000.0,5,646.0,,2023-02-13,Ginger,G,6
319,[DEAL 1 TẶNG 1 ĐỘC QUYỀN FLASH SALE] Nước nghệ Hưng Yên 140ml TẶNG Mặt nạ nghệ 30ml Cocoon,340.0,418.0,4.9,138.0,,2023-02-13,Ginger,G,15
320,[Mã COSCN12 giảm 8%] Xịt khoáng nghệ Hưng Yên Cocoon giúp sáng da và ngăn ngừa oxy hóa Cocoon 130ml,215.0,44000.0,4.9,16000.0,,2023-02-13,Ginger,G,23
321,HÀNG TẶNG KHÔNG BÁN - Nước nghệ Hưng Yên (toner) Cocoon làm sáng da & cấp ẩm 140ml,195.0,17000.0,4.9,591.0,,2023-02-13,Ginger,G,8
327,Tinh chất nghệ Hưng Yên x2.2 (serum) với 22% vitamin C sáng da chuyên sâu & mờ vết thâm Cocoon 30ml,465.0,41000.0,"4,9",12000.0,,2023-02-15,Ginger,G,14
328,Thạch nghệ Hưng Yên giúp làm sáng da và mờ thâm Cocoon 30ml,195.0,27000.0,"4,9",830.0,,2023-02-15,Ginger,G,13
329,[Mã COSCN12 giảm 8%] Mặt nạ nghệ Hưng Yên Cocoon giúp da rạng rỡ & mịn màng 30ml,145.0,227000.0,5,88000.0,,2023-02-15,Ginger,G,19
330,Bigsize - Sữa rửa mặt nghệ Hưng Yên Cocoon giúp da sạch mịn và rạng rỡ 310ml,295.0,3000.0,"4,9",976.0,,2023-02-15,Ginger,G,2
331,[Mã COSCN12 giảm 8%] Tinh chất nghệ Hưng Yên (serum) Cocoon sáng da chuyên sâu & mờ vết thâm 30ml,325.0,112000.0,"4,9",42000.0,,2023-02-15,Ginger,G,22
332,[Mã COSCN12 giảm 8%] Sữa rửa mặt nghệ Hưng Yên Cocoon giúp da sạch mịn và rạng rỡ 140ml,195.0,95000.0,"4,9",35000.0,,2023-02-15,Ginger,G,21
333,Bigsize - Thạch nghệ Hưng Yên giúp làm sáng da và mờ thâm Cocoon 100ml,385.0,913.0,"4,9",306.0,,2023-02-15,Ginger,G,3
334,Bigsize - Nước nghệ Hưng Yên (toner) Cocoon làm sáng da & cấp ẩm 310ml,295.0,11000.0,5,309.0,,2023-02-15,Ginger,G,1
335,[Mã COSCN12 giảm 8%] Xịt khoáng nghệ Hưng Yên Cocoon giúp sáng da và ngăn ngừa oxy hóa Cocoon 130ml,215.0,45000.0,"4,9",16000.0,,2023-02-15,Ginger,G,23
336,HÀNG TẶNG KHÔNG BÁN - Bigsize - Nước nghệ Hưng Yên (toner) Cocoon làm sáng da & cấp ẩm 310ml,295.0,13000.0,5,434.0,,2023-02-15,Ginger,G,4
337,[Mã COSCN12 giảm 8%] Bigsize - Mặt nạ nghệ Hưng Yên Cocoon giúp da rạng rỡ & mịn màng 100ml,345.0,41000.0,"4,9",16000.0,,2023-02-15,Ginger,G,16
338,HÀNG TẶNG KHÔNG BÁN - Mặt nạ nghệ Hưng Yên Cocoon giúp da rạng rỡ & mịn màng 30ml,145.0,62000.0,"4,9",2000.0,,2023-02-15,Ginger,G,7
339,HÀNG TẶNG KHÔNG BÁN - Bigsize - Sữa rửa mặt nghệ Hưng Yên Cocoon giúp da sạch mịn và rạng rỡ 310ml,295.0,595.0,"4,9",177.0,,2023-02-15,Ginger,G,5
340,HÀNG TẶNG KHÔNG BÁN - Bigsize Mặt nạ nghệ Hưng Yên Cocoon giúp da rạng rỡ & mịn màng 100ml,345.0,15000.0,5,647.0,,2023-02-15,Ginger,G,6
341,HÀNG TẶNG KHÔNG BÁN - Sữa rửa mặt nghệ Hưng Yên Cocoon giúp da sạch mịn và rạng rỡ 140ml,195.0,26000.0,5,852.0,,2023-02-15,Ginger,G,9
342,Bigsize - Thạch nghệ Hưng Yên giúp làm sáng da và mờ thâm Cocoon 100ml,385.0,930.0,4.9,312.0,,2023-02-17,Ginger,G,3
343,Thạch nghệ Hưng Yên giúp làm sáng da và mờ thâm Cocoon 30ml,195.0,27000.0,4.9,847.0,,2023-02-17,Ginger,G,13
344,[Mã COSCN12 giảm 8%] Xịt khoáng nghệ Hưng Yên Cocoon giúp sáng da và ngăn ngừa oxy hóa Cocoon 130ml,215.0,45000.0,4.9,16000.0,,2023-02-17,Ginger,G,23
345,[Mã COSCN12 giảm 8%] Combo sáng da chuyên sâu từ nghệ Hưng Yên Cocoon,817.0,384.0,5,138.0,,2023-02-17,Ginger,G,18
346,Tinh chất nghệ Hưng Yên x2.2 (serum) với 22% vitamin C sáng da chuyên sâu & mờ vết thâm Cocoon 30ml,465.0,42000.0,4.9,12000.0,,2023-02-17,Ginger,G,14
347,Bigsize - Sữa rửa mặt nghệ Hưng Yên Cocoon giúp da sạch mịn và rạng rỡ 310ml,295.0,31000.0,4.9,1000.0,,2023-02-17,Ginger,G,2
348,HÀNG TẶNG KHÔNG BÁN - Bigsize - Nước nghệ Hưng Yên (toner) Cocoon làm sáng da & cấp ẩm 310ml,295.0,14000.0,5,462.0,,2023-02-17,Ginger,G,4
349,Bigsize - Nước nghệ Hưng Yên (toner) Cocoon làm sáng da & cấp ẩm 310ml,295.0,11000.0,5,317.0,,2023-02-17,Ginger,G,1
350,[DEAL 1 TẶNG 1 ĐỘC QUYỀN FLASH SALE] Nước nghệ Hưng Yên 140ml TẶNG Mặt nạ nghệ 30ml Cocoon,340.0,433.0,4.9,141.0,,2023-02-17,Ginger,G,15
351,[Mã COSCN12 giảm 8%] Sữa rửa mặt nghệ Hưng Yên Cocoon giúp da sạch mịn và rạng rỡ 140ml,195.0,95000.0,4.9,35000.0,,2023-02-17,Ginger,G,21
352,SPECIAL COMBO sáng da cơ bản từ nghệ Hưng Yên Cocoon - Tặng mặt nạ nghệ Hưng Yên Cocoon 30ml,390.0,896.0,5,345.0,,2023-02-17,Ginger,G,12
353,[Mã COSCN12 giảm 8%] Mặt nạ nghệ Hưng Yên Cocoon giúp da rạng rỡ & mịn màng 30ml,145.0,228000.0,5,88000.0,,2023-02-17,Ginger,G,19
354,[Mã COSCN12 giảm 8%] Nước nghệ Hưng Yên (toner) Cocoon làm sáng da & cấp ẩm 140ml,195.0,61000.0,5,24000.0,,2023-02-17,Ginger,G,20
355,HÀNG TẶNG KHÔNG BÁN - Bigsize - Sữa rửa mặt nghệ Hưng Yên Cocoon giúp da sạch mịn và rạng rỡ 310ml,295.0,596.0,4.9,178.0,,2023-02-17,Ginger,G,5
356,HÀNG TẶNG KHÔNG BÁN - Sữa rửa mặt nghệ Hưng Yên Cocoon giúp da sạch mịn và rạng rỡ 140ml,195.0,26000.0,5,855.0,,2023-02-17,Ginger,G,9
357,[Mã COSCN12 giảm 8%] Combo Nước nghệ Hưng Yên 140ml + Mặt nạ nghệ 30ml Cocoon,323.0,269.0,4.9,110.0,,2023-02-17,Ginger,G,17
358,HÀNG TẶNG KHÔNG BÁN - Mặt nạ nghệ Hưng Yên Cocoon giúp da rạng rỡ & mịn màng 30ml,145.0,62000.0,4.9,2000.0,,2023-02-17,Ginger,G,7
366,[Mã COSCN12 giảm 8%] Tinh chất nghệ Hưng Yên (serum) Cocoon sáng da chuyên sâu & mờ vết thâm 30ml,325.0,112000.0,4.9,42000.0,,2023-02-18,Ginger,G,22
367,Bigsize - Thạch nghệ Hưng Yên giúp làm sáng da và mờ thâm Cocoon 100ml,385.0,930.0,4.9,313.0,,2023-02-18,Ginger,G,3
368,Thạch nghệ Hưng Yên giúp làm sáng da và mờ thâm Cocoon 30ml,195.0,27000.0,4.9,848.0,,2023-02-18,Ginger,G,13
369,[Mã COSCN12 giảm 8%] Xịt khoáng nghệ Hưng Yên Cocoon giúp sáng da và ngăn ngừa oxy hóa Cocoon 130ml,215.0,45000.0,4.9,16000.0,,2023-02-18,Ginger,G,23
370,Tinh chất nghệ Hưng Yên x2.2 (serum) với 22% vitamin C sáng da chuyên sâu & mờ vết thâm Cocoon 30ml,465.0,42000.0,4.9,12000.0,,2023-02-18,Ginger,G,14
371,[Mã COSCN12 giảm 8%] Combo sáng da chuyên sâu từ nghệ Hưng Yên Cocoon,817.0,384.0,5,138.0,,2023-02-18,Ginger,G,18
372,[DEAL 1 TẶNG 1 ĐỘC QUYỀN FLASH SALE] Nước nghệ Hưng Yên 140ml TẶNG Mặt nạ nghệ 30ml Cocoon,340.0,434.0,4.9,141.0,,2023-02-18,Ginger,G,15
373,HÀNG TẶNG KHÔNG BÁN - Bigsize - Nước nghệ Hưng Yên (toner) Cocoon làm sáng da & cấp ẩm 310ml,295.0,14000.0,5,467.0,,2023-02-18,Ginger,G,4
374,Bigsize - Nước nghệ Hưng Yên (toner) Cocoon làm sáng da & cấp ẩm 310ml,295.0,11000.0,5,318.0,,2023-02-18,Ginger,G,1
375,Bigsize - Sữa rửa mặt nghệ Hưng Yên Cocoon giúp da sạch mịn và rạng rỡ 310ml,295.0,31000.0,4.9,1000.0,,2023-02-18,Ginger,G,2
376,SPECIAL COMBO sáng da cơ bản từ nghệ Hưng Yên Cocoon - Tặng mặt nạ nghệ Hưng Yên Cocoon 30ml,390.0,896.0,5,346.0,,2023-02-18,Ginger,G,12
377,[Mã COSCN12 giảm 8%] Sữa rửa mặt nghệ Hưng Yên Cocoon giúp da sạch mịn và rạng rỡ 140ml,195.0,95000.0,4.9,35000.0,,2023-02-18,Ginger,G,21
378,[Mã COSCN12 giảm 8%] Mặt nạ nghệ Hưng Yên Cocoon giúp da rạng rỡ & mịn màng 30ml,145.0,228000.0,5,88000.0,,2023-02-18,Ginger,G,19
379,HÀNG TẶNG KHÔNG BÁN - Bigsize - Sữa rửa mặt nghệ Hưng Yên Cocoon giúp da sạch mịn và rạng rỡ 310ml,295.0,596.0,4.9,178.0,,2023-02-18,Ginger,G,5
380,[Mã COSCN12 giảm 8%] Bigsize - Mặt nạ nghệ Hưng Yên Cocoon giúp da rạng rỡ & mịn màng 100ml,345.0,41000.0,4.9,16000.0,,2023-02-18,Ginger,G,16
381,[Mã COSCN12 giảm 8%] Nước nghệ Hưng Yên (toner) Cocoon làm sáng da & cấp ẩm 140ml,195.0,61000.0,5,24000.0,,2023-02-18,Ginger,G,20
382,[Mã COSCN12 giảm 8%] Combo Nước nghệ Hưng Yên 140ml + Mặt nạ nghệ 30ml Cocoon,323.0,269.0,4.9,110.0,,2023-02-18,Ginger,G,17
383,HÀNG TẶNG KHÔNG BÁN - Mặt nạ nghệ Hưng Yên Cocoon giúp da rạng rỡ & mịn màng 30ml,145.0,62000.0,4.9,2000.0,,2023-02-18,Ginger,G,7
384,HÀNG TẶNG KHÔNG BÁN - Sữa rửa mặt nghệ Hưng Yên Cocoon giúp da sạch mịn và rạng rỡ 140ml,195.0,26000.0,5,856.0,,2023-02-18,Ginger,G,9
385,HÀNG TẶNG KHÔNG BÁN - Nước nghệ Hưng Yên (toner) Cocoon làm sáng da & cấp ẩm 140ml,195.0,18000.0,4.9,596.0,,2023-02-18,Ginger,G,8
394,Thạch nghệ Hưng Yên giúp làm sáng da và mờ thâm Cocoon 30ml,195.0,27000.0,4.9,848.0,,2023-02-19,Ginger,G,13
395,[Mã COSCN12 giảm 8%] Mặt nạ nghệ Hưng Yên Cocoon giúp da rạng rỡ & mịn màng 30ml,145.0,228000.0,5,88000.0,,2023-02-19,Ginger,G,19
396,[Mã COSCN12 giảm 8%] Xịt khoáng nghệ Hưng Yên Cocoon giúp sáng da và ngăn ngừa oxy hóa Cocoon 130ml,215.0,45000.0,4.9,16000.0,,2023-02-19,Ginger,G,23
397,[Mã COSCN12 giảm 8%] Nước nghệ Hưng Yên (toner) Cocoon làm sáng da & cấp ẩm 140ml,195.0,61000.0,5,24000.0,,2023-02-19,Ginger,G,20
398,Tinh chất nghệ Hưng Yên x2.2 (serum) với 22% vitamin C sáng da chuyên sâu & mờ vết thâm Cocoon 30ml,465.0,42000.0,4.9,12000.0,,2023-02-19,Ginger,G,14
399,[Mã COSCN12 giảm 8%] Combo sáng da chuyên sâu từ nghệ Hưng Yên Cocoon,817.0,384.0,5,138.0,,2023-02-19,Ginger,G,18
400,HÀNG TẶNG KHÔNG BÁN - Mặt nạ nghệ Hưng Yên Cocoon giúp da rạng rỡ & mịn màng 30ml,145.0,62000.0,4.9,2000.0,,2023-02-19,Ginger,G,7
401,[Mã COSCN12 giảm 8%] Bigsize - Mặt nạ nghệ Hưng Yên Cocoon giúp da rạng rỡ & mịn màng 100ml,345.0,41000.0,4.9,16000.0,,2023-02-19,Ginger,G,16
402,SPECIAL COMBO sáng da cơ bản từ nghệ Hưng Yên Cocoon - Tặng mặt nạ nghệ Hưng Yên Cocoon 30ml,390.0,896.0,5,346.0,,2023-02-19,Ginger,G,12
403,Bigsize - Sữa rửa mặt nghệ Hưng Yên Cocoon giúp da sạch mịn và rạng rỡ 310ml,295.0,31000.0,4.9,1000.0,,2023-02-19,Ginger,G,2
404,[DEAL 1 TẶNG 1 ĐỘC QUYỀN FLASH SALE] Nước nghệ Hưng Yên 140ml TẶNG Mặt nạ nghệ 30ml Cocoon,340.0,434.0,4.9,142.0,,2023-02-19,Ginger,G,15
405,HÀNG TẶNG KHÔNG BÁN - Bigsize - Nước nghệ Hưng Yên (toner) Cocoon làm sáng da & cấp ẩm 310ml,295.0,14000.0,5,469.0,,2023-02-19,Ginger,G,4
406,Bigsize - Nước nghệ Hưng Yên (toner) Cocoon làm sáng da & cấp ẩm 310ml,295.0,11000.0,5,319.0,,2023-02-19,Ginger,G,1
407,HÀNG TẶNG KHÔNG BÁN - Bigsize - Sữa rửa mặt nghệ Hưng Yên Cocoon giúp da sạch mịn và rạng rỡ 310ml,295.0,597.0,4.9,179.0,,2023-02-19,Ginger,G,5
408,[Mã COSCN12 giảm 8%] Combo Nước nghệ Hưng Yên 140ml + Mặt nạ nghệ 30ml Cocoon,323.0,269.0,4.9,110.0,,2023-02-19,Ginger,G,17
425,Thạch nghệ Hưng Yên giúp làm sáng da và mờ thâm Cocoon 30ml,195.0,0.0, ,0.0,,2023-02-20,Ginger,G,13
426,[Mã COSCN12 giảm 8%] Mặt nạ nghệ Hưng Yên Cocoon giúp da rạng rỡ & mịn màng 30ml,145.0,228000.0,5,88000.0,,2023-02-20,Ginger,G,19
427,Tinh chất nghệ Hưng Yên x2.2 (serum) với 22% vitamin C sáng da chuyên sâu & mờ vết thâm Cocoon 30ml,465.0,43000.0,4.9,12000.0,,2023-02-20,Ginger,G,14
428,[Mã COSCN12 giảm 8%] Sữa rửa mặt nghệ Hưng Yên Cocoon giúp da sạch mịn và rạng rỡ 140ml,195.0,95000.0,4.9,35000.0,,2023-02-20,Ginger,G,21
429,[Mã COSCN12 giảm 8%] Combo sáng da chuyên sâu từ nghệ Hưng Yên Cocoon,817.0,384.0,5,138.0,,2023-02-20,Ginger,G,18
430,[Mã COSCN12 giảm 8%] Nước nghệ Hưng Yên (toner) Cocoon làm sáng da & cấp ẩm 140ml,195.0,61000.0,5,24000.0,,2023-02-20,Ginger,G,20
431,Bigsize - Thạch nghệ Hưng Yên giúp làm sáng da và mờ thâm Cocoon 100ml,385.0,930.0,4.9,315.0,,2023-02-20,Ginger,G,3
432,[Mã COSCN12 giảm 8%] Xịt khoáng nghệ Hưng Yên Cocoon giúp sáng da và ngăn ngừa oxy hóa Cocoon 130ml,215.0,45000.0,4.9,16000.0,,2023-02-20,Ginger,G,23
433,HÀNG TẶNG KHÔNG BÁN - Bigsize - Nước nghệ Hưng Yên (toner) Cocoon làm sáng da & cấp ẩm 310ml,295.0,14000.0,5,470.0,,2023-02-20,Ginger,G,4
434,SPECIAL COMBO sáng da cơ bản từ nghệ Hưng Yên Cocoon - Tặng mặt nạ nghệ Hưng Yên Cocoon 30ml,390.0,897.0,5,346.0,,2023-02-20,Ginger,G,12
435,HÀNG TẶNG KHÔNG BÁN - Sữa rửa mặt nghệ Hưng Yên Cocoon giúp da sạch mịn và rạng rỡ 140ml,195.0,0.0, ,0.0,,2023-02-20,Ginger,G,9
436,HÀNG TẶNG KHÔNG BÁN - Mặt nạ nghệ Hưng Yên Cocoon giúp da rạng rỡ & mịn màng 30ml,145.0,62000.0,4.9,2000.0,,2023-02-20,Ginger,G,7
437,[Mã COSCN12 giảm 8%] Bigsize - Mặt nạ nghệ Hưng Yên Cocoon giúp da rạng rỡ & mịn màng 100ml,345.0,41000.0,4.9,16000.0,,2023-02-20,Ginger,G,16
438,Bigsize - Nước nghệ Hưng Yên (toner) Cocoon làm sáng da & cấp ẩm 310ml,295.0,11000.0,5,320.0,,2023-02-20,Ginger,G,1
439,[DEAL 1 TẶNG 1 ĐỘC QUYỀN FLASH SALE] Nước nghệ Hưng Yên 140ml TẶNG Mặt nạ nghệ 30ml Cocoon,340.0,434.0,4.9,142.0,,2023-02-20,Ginger,G,15
440,HÀNG TẶNG KHÔNG BÁN - Bigsize - Sữa rửa mặt nghệ Hưng Yên Cocoon giúp da sạch mịn và rạng rỡ 310ml,295.0,597.0,4.9,179.0,,2023-02-20,Ginger,G,5
441,Bigsize - Sữa rửa mặt nghệ Hưng Yên Cocoon giúp da sạch mịn và rạng rỡ 310ml,295.0,31000.0,4.9,1000.0,,2023-02-20,Ginger,G,2
442,HÀNG TẶNG KHÔNG BÁN - Nước nghệ Hưng Yên (toner) Cocoon làm sáng da & cấp ẩm 140ml,195.0,18000.0,4.9,599.0,,2023-02-20,Ginger,G,8
443,[Mã COSCN12 giảm 8%] Combo Nước nghệ Hưng Yên 140ml + Mặt nạ nghệ 30ml Cocoon,323.0,270.0,4.9,111.0,,2023-02-20,Ginger,G,17
444,Thạch nghệ Hưng Yên giúp làm sáng da và mờ thâm Cocoon 30ml,195.0,28000.0,4.9,851.0,,2023-02-21,Ginger,G,13
445,[Mã COSCN12 giảm 8%] Xịt khoáng nghệ Hưng Yên Cocoon giúp sáng da và ngăn ngừa oxy hóa Cocoon 130ml,215.0,45000.0,4.9,16000.0,,2023-02-21,Ginger,G,23
446,[Mã COSCN12 giảm 8%] Sữa rửa mặt nghệ Hưng Yên Cocoon giúp da sạch mịn và rạng rỡ 140ml,195.0,96000.0,4.9,35000.0,,2023-02-21,Ginger,G,21
447,Bigsize - Thạch nghệ Hưng Yên giúp làm sáng da và mờ thâm Cocoon 100ml,385.0,930.0,4.9,315.0,,2023-02-21,Ginger,G,3
448,[Mã COSCN12 giảm 8%] Mặt nạ nghệ Hưng Yên Cocoon giúp da rạng rỡ & mịn màng 30ml,145.0,228000.0,5,88000.0,,2023-02-21,Ginger,G,19
449,[Mã COSCN12 giảm 8%] Combo sáng da chuyên sâu từ nghệ Hưng Yên Cocoon,817.0,384.0,5,138.0,,2023-02-21,Ginger,G,18
450,[Mã COSCN12 giảm 8%] Nước nghệ Hưng Yên (toner) Cocoon làm sáng da & cấp ẩm 140ml,195.0,61000.0,5,24000.0,,2023-02-21,Ginger,G,20
451,Bigsize - Nước nghệ Hưng Yên (toner) Cocoon làm sáng da & cấp ẩm 310ml,295.0,11000.0,5,322.0,,2023-02-21,Ginger,G,1
452,SPECIAL COMBO sáng da cơ bản từ nghệ Hưng Yên Cocoon - Tặng mặt nạ nghệ Hưng Yên Cocoon 30ml,390.0,897.0,5,346.0,,2023-02-21,Ginger,G,12
453,Bigsize - Sữa rửa mặt nghệ Hưng Yên Cocoon giúp da sạch mịn và rạng rỡ 310ml,295.0,32000.0,4.9,1000.0,,2023-02-21,Ginger,G,2
454,[DEAL 1 TẶNG 1 ĐỘC QUYỀN FLASH SALE] Nước nghệ Hưng Yên 140ml TẶNG Mặt nạ nghệ 30ml Cocoon,340.0,435.0,4.9,142.0,,2023-02-21,Ginger,G,15
455,[Mã COSCN12 giảm 8%] Bigsize - Mặt nạ nghệ Hưng Yên Cocoon giúp da rạng rỡ & mịn màng 100ml,345.0,41000.0,4.9,16000.0,,2023-02-21,Ginger,G,16
456,[Mã COSCN12 giảm 8%] Combo Nước nghệ Hưng Yên 140ml + Mặt nạ nghệ 30ml Cocoon,323.0,270.0,4.9,111.0,,2023-02-21,Ginger,G,17
457,HÀNG TẶNG KHÔNG BÁN - Bigsize - Nước nghệ Hưng Yên (toner) Cocoon làm sáng da & cấp ẩm 310ml,295.0,14000.0,5,474.0,,2023-02-21,Ginger,G,4
458,HÀNG TẶNG KHÔNG BÁN - Mặt nạ nghệ Hưng Yên Cocoon giúp da rạng rỡ & mịn màng 30ml,145.0,62000.0,4.9,2000.0,,2023-02-21,Ginger,G,7
459,HÀNG TẶNG KHÔNG BÁN - Bigsize - Sữa rửa mặt nghệ Hưng Yên Cocoon giúp da sạch mịn và rạng rỡ 310ml,295.0,598.0,4.9,180.0,,2023-02-21,Ginger,G,5
460,HÀNG TẶNG KHÔNG BÁN - Nước nghệ Hưng Yên (toner) Cocoon làm sáng da & cấp ẩm 140ml,195.0,18000.0,4.9,599.0,,2023-02-21,Ginger,G,8
470,[Mã COSCN12 giảm 8%] Mặt nạ nghệ Hưng Yên Cocoon giúp da rạng rỡ & mịn màng 30ml,145.0,228000.0,5,89000.0,,2023-02-22,Ginger,G,19
471,[Mã COSCN12 giảm 8%] Tinh chất nghệ Hưng Yên (serum) Cocoon sáng da chuyên sâu & mờ vết thâm 30ml,325.0,112000.0,4.9,42000.0,,2023-02-22,Ginger,G,22
472,Tinh chất nghệ Hưng Yên x2.2 (serum) với 22% vitamin C sáng da chuyên sâu & mờ vết thâm Cocoon 30ml,465.0,43000.0,4.9,12000.0,,2023-02-22,Ginger,G,14
473,Thạch nghệ Hưng Yên giúp làm sáng da và mờ thâm Cocoon 30ml,195.0,28000.0,4.9,853.0,,2023-02-22,Ginger,G,13
474,[Mã COSCN12 giảm 8%] Combo sáng da chuyên sâu từ nghệ Hưng Yên Cocoon,817.0,384.0,5,138.0,,2023-02-22,Ginger,G,18
475,Bigsize - Thạch nghệ Hưng Yên giúp làm sáng da và mờ thâm Cocoon 100ml,385.0,932.0,4.9,319.0,,2023-02-22,Ginger,G,3
476,[Mã COSCN12 giảm 8%] Sữa rửa mặt nghệ Hưng Yên Cocoon giúp da sạch mịn và rạng rỡ 140ml,195.0,96000.0,4.9,35000.0,,2023-02-22,Ginger,G,21
477,[Mã COSCN12 giảm 8%] Bigsize - Mặt nạ nghệ Hưng Yên Cocoon giúp da rạng rỡ & mịn màng 100ml,345.0,41000.0,4.9,16000.0,,2023-02-22,Ginger,G,16
478,[Mã COSCN12 giảm 8%] Xịt khoáng nghệ Hưng Yên Cocoon giúp sáng da và ngăn ngừa oxy hóa Cocoon 130ml,215.0,45000.0,4.9,16000.0,,2023-02-22,Ginger,G,23
479,[Mã COSCN12 giảm 8%] Nước nghệ Hưng Yên (toner) Cocoon làm sáng da & cấp ẩm 140ml,195.0,61000.0,5,24000.0,,2023-02-22,Ginger,G,20
480,SPECIAL COMBO sáng da cơ bản từ nghệ Hưng Yên Cocoon - Tặng mặt nạ nghệ Hưng Yên Cocoon 30ml,390.0,901.0,5,346.0,,2023-02-22,Ginger,G,12
481,[Mã COSCN12 giảm 8%] Combo Nước nghệ Hưng Yên 140ml + Mặt nạ nghệ 30ml Cocoon,323.0,270.0,4.9,111.0,,2023-02-22,Ginger,G,17
482,Bigsize - Nước nghệ Hưng Yên (toner) Cocoon làm sáng da & cấp ẩm 310ml,295.0,11000.0,5,322.0,,2023-02-22,Ginger,G,1
483,Bigsize - Sữa rửa mặt nghệ Hưng Yên Cocoon giúp da sạch mịn và rạng rỡ 310ml,295.0,32000.0,4.9,1000.0,,2023-02-22,Ginger,G,2
484,HÀNG TẶNG KHÔNG BÁN - Bigsize - Sữa rửa mặt nghệ Hưng Yên Cocoon giúp da sạch mịn và rạng rỡ 310ml,295.0,598.0,4.9,180.0,,2023-02-22,Ginger,G,5
485,[DEAL 1 TẶNG 1 ĐỘC QUYỀN FLASH SALE] Nước nghệ Hưng Yên 140ml TẶNG Mặt nạ nghệ 30ml Cocoon,340.0,438.0,4.9,144.0,,2023-02-22,Ginger,G,15
486,HÀNG TẶNG KHÔNG BÁN - Mặt nạ nghệ Hưng Yên Cocoon giúp da rạng rỡ & mịn màng 30ml,145.0,62000.0,4.9,2000.0,,2023-02-22,Ginger,G,7
487,HÀNG TẶNG KHÔNG BÁN - Bigsize - Nước nghệ Hưng Yên (toner) Cocoon làm sáng da & cấp ẩm 310ml,295.0,14000.0,5,474.0,,2023-02-22,Ginger,G,4
503,Tinh chất nghệ Hưng Yên x2.2 (serum) với 22% vitamin C sáng da chuyên sâu & mờ vết thâm Cocoon 30ml,465.0,43000.0,4.9,12000.0,,2023-02-24,Ginger,G,14
504,Thạch nghệ Hưng Yên giúp làm sáng da và mờ thâm Cocoon 30ml,195.0,28000.0,4.9,854.0,,2023-02-24,Ginger,G,13
505,[Mã COSCN12 giảm 8%] Mặt nạ nghệ Hưng Yên Cocoon giúp da rạng rỡ & mịn màng 30ml,145.0,228000.0,5,89000.0,,2023-02-24,Ginger,G,19
506,[Mã COSCN12 giảm 8%] Tinh chất nghệ Hưng Yên (serum) Cocoon sáng da chuyên sâu & mờ vết thâm 30ml,325.0,112000.0,4.9,42000.0,,2023-02-24,Ginger,G,22
507,[Mã COSCN12 giảm 8%] Combo sáng da chuyên sâu từ nghệ Hưng Yên Cocoon,817.0,385.0,5,138.0,,2023-02-24,Ginger,G,18
508,[Mã COSCN12 giảm 8%] Sữa rửa mặt nghệ Hưng Yên Cocoon giúp da sạch mịn và rạng rỡ 140ml,195.0,96000.0,4.9,35000.0,,2023-02-24,Ginger,G,21
509,[Mã COSCN12 giảm 8%] Bigsize - Mặt nạ nghệ Hưng Yên Cocoon giúp da rạng rỡ & mịn màng 100ml,345.0,41000.0,4.9,16000.0,,2023-02-24,Ginger,G,16
510,Bigsize - Thạch nghệ Hưng Yên giúp làm sáng da và mờ thâm Cocoon 100ml,385.0,935.0,4.9,320.0,,2023-02-24,Ginger,G,3
511,Bigsize - Nước nghệ Hưng Yên (toner) Cocoon làm sáng da & cấp ẩm 310ml,295.0,11000.0,5,322.0,,2023-02-24,Ginger,G,1
512,SPECIAL COMBO sáng da cơ bản từ nghệ Hưng Yên Cocoon - Tặng mặt nạ nghệ Hưng Yên Cocoon 30ml,390.0,902.0,5,346.0,,2023-02-24,Ginger,G,12
513,Bigsize - Sữa rửa mặt nghệ Hưng Yên Cocoon giúp da sạch mịn và rạng rỡ 310ml,295.0,41000.0,4.9,16000.0,,2023-02-24,Ginger,G,2
514,[Mã COSCN12 giảm 8%] Xịt khoáng nghệ Hưng Yên Cocoon giúp sáng da và ngăn ngừa oxy hóa Cocoon 130ml,215.0,32000.0,4.9,1000.0,,2023-02-24,Ginger,G,23
515,HÀNG TẶNG KHÔNG BÁN - Bigsize - Sữa rửa mặt nghệ Hưng Yên Cocoon giúp da sạch mịn và rạng rỡ 310ml,295.0,61000.0,5,24000.0,,2023-02-24,Ginger,G,5
516,HÀNG TẶNG KHÔNG BÁN - Mặt nạ nghệ Hưng Yên Cocoon giúp da rạng rỡ & mịn màng 30ml,145.0,0.0, ,0.0,,2023-02-24,Ginger,G,7
517,[Mã COSCN12 giảm 8%] Nước nghệ Hưng Yên (toner) Cocoon làm sáng da & cấp ẩm 140ml,195.0,62000.0,4.9,2000.0,,2023-02-24,Ginger,G,20
518,[DEAL 1 TẶNG 1 ĐỘC QUYỀN FLASH SALE] Nước nghệ Hưng Yên 140ml TẶNG Mặt nạ nghệ 30ml Cocoon,340.0,599.0,4.9,180.0,,2023-02-24,Ginger,G,15
519,[Mã COSCN12 giảm 8%] Combo Nước nghệ Hưng Yên 140ml + Mặt nạ nghệ 30ml Cocoon,323.0,14000.0,5,478.0,,2023-02-24,Ginger,G,17
520,HÀNG TẶNG KHÔNG BÁN - Bigsize - Nước nghệ Hưng Yên (toner) Cocoon làm sáng da & cấp ẩm 310ml,295.0,270.0,4.9,111.0,,2023-02-24,Ginger,G,4
521,HÀNG TẶNG KHÔNG BÁN - Bigsize Mặt nạ nghệ Hưng Yên Cocoon giúp da rạng rỡ & mịn màng 100ml,345.0,18000.0,4.9,599.0,,2023-02-24,Ginger,G,6
522,HÀNG TẶNG KHÔNG BÁN - Nước nghệ Hưng Yên (toner) Cocoon làm sáng da & cấp ẩm 140ml,195.0,15000.0,5,647.0,,2023-02-24,Ginger,G,8
523,[Mã COSCN12 giảm 8%] Mặt nạ nghệ Hưng Yên Cocoon giúp da rạng rỡ & mịn màng 30ml,145.0,228000.0,5,89000.0,,2023-02-24,Ginger,G,19
581,HÀNG TẶNG KHÔNG BÁN - Bigsize - Nước nghệ Hưng Yên (toner) Cocoon làm sáng da & cấp ẩm 310ml,295.0,15000.0,5,481.0,,2023-02-26,Ginger,G,4
582,HÀNG TẶNG KHÔNG BÁN - Bigsize Mặt nạ nghệ Hưng Yên Cocoon giúp da rạng rỡ & mịn màng 100ml,345.0,15000.0,5,647.0,,2023-02-26,Ginger,G,6
583,[Mã COSCN12 giảm 8%] Nước nghệ Hưng Yên (toner) Cocoon làm sáng da & cấp ẩm 140ml,195.0,61000.0,5,24000.0,,2023-02-26,Ginger,G,20
584,SPECIAL COMBO sáng da cơ bản từ nghệ Hưng Yên Cocoon - Tặng mặt nạ nghệ Hưng Yên Cocoon 30ml,390.0,903.0,5,346.0,,2023-02-26,Ginger,G,12
585,[Mã COSCN12 giảm 8%] Xịt khoáng nghệ Hưng Yên Cocoon giúp sáng da và ngăn ngừa oxy hóa Cocoon 130ml,215.0,45000.0,"4,9",16000.0,,2023-02-26,Ginger,G,23
586,Bigsize - Sữa rửa mặt nghệ Hưng Yên Cocoon giúp da sạch mịn và rạng rỡ 310ml,295.0,32000.0,"4,9",1000.0,,2023-02-26,Ginger,G,2
587,[Mã COSCN12 giảm 8%] Bigsize - Mặt nạ nghệ Hưng Yên Cocoon giúp da rạng rỡ & mịn màng 100ml,345.0,41000.0,"4,9",16000.0,,2023-02-26,Ginger,G,16
588,[Mã COSCN12 giảm 8%] Sữa rửa mặt nghệ Hưng Yên Cocoon giúp da sạch mịn và rạng rỡ 140ml,195.0,96000.0,"4,9",35000.0,,2023-02-26,Ginger,G,21
589,Bigsize - Thạch nghệ Hưng Yên giúp làm sáng da và mờ thâm Cocoon 100ml,385.0,947.0,"4,9",321.0,,2023-02-26,Ginger,G,3
590,[Mã COSCN12 giảm 8%] Combo sáng da chuyên sâu từ nghệ Hưng Yên Cocoon,817.0,385.0,5,138.0,,2023-02-26,Ginger,G,18
591,Thạch nghệ Hưng Yên giúp làm sáng da và mờ thâm Cocoon 30ml,195.0,28000.0,"4,9",862.0,,2023-02-26,Ginger,G,13
592,[Mã COSCN12 giảm 8%] Tinh chất nghệ Hưng Yên (serum) Cocoon sáng da chuyên sâu & mờ vết thâm 30ml,325.0,113000.0,"4,9",42000.0,,2023-02-26,Ginger,G,22
593,[Mã COSCN12 giảm 8%] Mặt nạ nghệ Hưng Yên Cocoon giúp da rạng rỡ & mịn màng 30ml,145.0,229000.0,5,89000.0,,2023-02-26,Ginger,G,19
615,HÀNG TẶNG KHÔNG BÁN - Bigsize - Sữa rửa mặt nghệ Hưng Yên Cocoon giúp da sạch mịn và rạng rỡ 310ml,295.0,599.0,"4,9",180.0,,2023-02-27,Ginger,G,5
616,HÀNG TẶNG KHÔNG BÁN - Mặt nạ nghệ Hưng Yên Cocoon giúp da rạng rỡ & mịn màng 30ml,145.0,62000.0,"4,9",21000.0,,2023-02-27,Ginger,G,7
617,[Mã COSCN12 giảm 8%] Xịt khoáng nghệ Hưng Yên Cocoon giúp sáng da và ngăn ngừa oxy hóa Cocoon 130ml,215.0,45000.0,"4,9",16000.0,,2023-02-27,Ginger,G,23
618,[Mã COSCN12 giảm 8%] Nước nghệ Hưng Yên (toner) Cocoon làm sáng da & cấp ẩm 140ml,195.0,61000.0,5,24000.0,,2023-02-27,Ginger,G,20
619,Bigsize - Sữa rửa mặt nghệ Hưng Yên Cocoon giúp da sạch mịn và rạng rỡ 310ml,295.0,33000.0,"4,9",1000.0,,2023-02-27,Ginger,G,2
620,[Mã COSCN12 giảm 8%] Sữa rửa mặt nghệ Hưng Yên Cocoon giúp da sạch mịn và rạng rỡ 140ml,195.0,96000.0,"4,9",35000.0,,2023-02-27,Ginger,G,21
621,Bigsize - Nước nghệ Hưng Yên (toner) Cocoon làm sáng da & cấp ẩm 310ml,295.0,11000.0,5,326.0,,2023-02-27,Ginger,G,1
622,[Mã COSCN12 giảm 8%] Bigsize - Mặt nạ nghệ Hưng Yên Cocoon giúp da rạng rỡ & mịn màng 100ml,345.0,41000.0,"4,9",16000.0,,2023-02-27,Ginger,G,16
623,[Mã COSCN12 giảm 8%] Combo sáng da chuyên sâu từ nghệ Hưng Yên Cocoon,817.0,386.0,5,139.0,,2023-02-27,Ginger,G,18
624,Bigsize - Thạch nghệ Hưng Yên giúp làm sáng da và mờ thâm Cocoon 100ml,385.0,954.0,"4,9",322.0,,2023-02-27,Ginger,G,3
625,Thạch nghệ Hưng Yên giúp làm sáng da và mờ thâm Cocoon 30ml,195.0,28000.0,"4,9",864.0,,2023-02-27,Ginger,G,13
626,[Mã COSCN12 giảm 8%] Mặt nạ nghệ Hưng Yên Cocoon giúp da rạng rỡ & mịn màng 30ml,145.0,229000.0,5,89000.0,,2023-02-27,Ginger,G,19
627,[Mã COSCN12 giảm 8%] Tinh chất nghệ Hưng Yên (serum) Cocoon sáng da chuyên sâu & mờ vết thâm 30ml,325.0,113000.0,"4,9",42000.0,,2023-02-27,Ginger,G,22
661,HÀNG TẶNG KHÔNG BÁN - Bigsize Mặt nạ nghệ Hưng Yên Cocoon giúp da rạng rỡ & mịn màng 100ml,345.0,15000.0,5,648.0,,2023-02-28,Ginger,G,6
662,[Mã COSCN12 giảm 8%] Combo Nước nghệ Hưng Yên 140ml + Mặt nạ nghệ 30ml Cocoon,323.0,272.0,"4,9",112.0,,2023-02-28,Ginger,G,17
663,[Mã COSCN12 giảm 8%] Nước nghệ Hưng Yên (toner) Cocoon làm sáng da & cấp ẩm 140ml,195.0,61000.0,5,24000.0,,2023-02-28,Ginger,G,20
664,Bigsize - Nước nghệ Hưng Yên (toner) Cocoon làm sáng da & cấp ẩm 310ml,295.0,11000.0,5,328.0,,2023-02-28,Ginger,G,1
665,[Mã COSCN12 giảm 8%] Sữa rửa mặt nghệ Hưng Yên Cocoon giúp da sạch mịn và rạng rỡ 140ml,195.0,96000.0,"4,9",35000.0,,2023-02-28,Ginger,G,21
666,[Mã COSCN12 giảm 8%] Bigsize - Mặt nạ nghệ Hưng Yên Cocoon giúp da rạng rỡ & mịn màng 100ml,345.0,41000.0,"4,9",16000.0,,2023-02-28,Ginger,G,16
667,[Mã COSCN12 giảm 8%] Combo sáng da chuyên sâu từ nghệ Hưng Yên Cocoon,817.0,386.0,5,139.0,,2023-02-28,Ginger,G,18
668,Thạch nghệ Hưng Yên giúp làm sáng da và mờ thâm Cocoon 30ml,195.0,28000.0,"4,9",865.0,,2023-02-28,Ginger,G,13
669,Bigsize - Thạch nghệ Hưng Yên giúp làm sáng da và mờ thâm Cocoon 100ml,385.0,957.0,"4,9",322.0,,2023-02-28,Ginger,G,3
670,[Mã COSCN12 giảm 8%] Mặt nạ nghệ Hưng Yên Cocoon giúp da rạng rỡ & mịn màng 30ml,145.0,229000.0,5,89000.0,,2023-02-28,Ginger,G,19
671,Tinh chất nghệ Hưng Yên x2.2 (serum) với 22% vitamin C sáng da chuyên sâu & mờ vết thâm Cocoon 30ml,465.0,44000.0,"4,9",12000.0,,2023-02-28,Ginger,G,14
672,[Mã COSCN12 giảm 8%] Tinh chất nghệ Hưng Yên (serum) Cocoon sáng da chuyên sâu & mờ vết thâm 30ml,325.0,113000.0,"4,9",42000.0,,2023-02-28,Ginger,G,22
734,Bigsize - Sữa rửa mặt nghệ Hưng Yên Cocoon giúp da sạch mịn và rạng rỡ 310ml,250.75,33000.0,"4,9",11000.0,,2023-03-08,Ginger,G,2
735,[Mã COSCN12 giảm 8%] Sữa rửa mặt nghệ Hưng Yên Cocoon giúp da sạch mịn và rạng rỡ 140ml,165.75,96000.0,"4,9",35000.0,,2023-03-08,Ginger,G,21
736,SPECIAL COMBO sáng da cơ bản từ nghệ Hưng Yên Cocoon - Tặng mặt nạ nghệ Hưng Yên Cocoon 30ml,390.0,916.0,5,353.0,,2023-03-08,Ginger,G,12
737,[Mã COSCN12 giảm 8%] Bigsize - Mặt nạ nghệ Hưng Yên Cocoon giúp da rạng rỡ & mịn màng 100ml,345.0,41000.0,"4,9",16000.0,,2023-03-08,Ginger,G,16
738,[DEAL 1 TẶNG 1 ĐỘC QUYỀN FLASH SALE] Nước nghệ Hưng Yên 140ml TẶNG Mặt nạ nghệ 30ml Cocoon,340.0,482.0,"4,9",156.0,,2023-03-08,Ginger,G,15
739,[Mã COSCN12 giảm 8%] Combo sáng da chuyên sâu từ nghệ Hưng Yên Cocoon,817.0,391.0,5,141.0,,2023-03-08,Ginger,G,18
740,[Mã COSCN12 giảm 8%] Nước nghệ Hưng Yên (toner) Cocoon làm sáng da & cấp ẩm 140ml,165.75,61000.0,5,24000.0,,2023-03-08,Ginger,G,20
741,[Mã COSCN12 giảm 8%] Mặt nạ nghệ Hưng Yên Cocoon giúp da rạng rỡ & mịn màng 30ml,145.0,23000.0,5,89000.0,,2023-03-08,Ginger,G,19
742,Thạch nghệ Hưng Yên giúp làm sáng da và mờ thâm Cocoon 30ml,195.0,29000.0,"4,9",887.0,,2023-03-08,Ginger,G,13
743,Tinh chất nghệ Hưng Yên x2.2 (serum) với 22% vitamin C sáng da chuyên sâu & mờ vết thâm Cocoon 30ml,465.0,45000.0,"4,9",13000.0,,2023-03-08,Ginger,G,14
744,HÀNG TẶNG KHÔNG BÁN - Bigsize Mặt nạ nghệ Hưng Yên Cocoon giúp da rạng rỡ & mịn màng 100ml,345.0,16000.0,5,660.0,,2023-03-08,Ginger,G,6
745,HÀNG TẶNG KHÔNG BÁN - Thạch nghệ Hưng Yên giúp làm sáng da và mờ thâm Cocoon 100ml,385.0,268.0,5,86.0,,2023-03-08,Ginger,G,11
746,HÀNG TẶNG KHÔNG BÁN - Thạch nghệ Hưng Yên Cocoon 30ml,195.0,11000.0,"4,9",368.0,,2023-03-08,Ginger,G,10
747,HÀNG TẶNG KHÔNG BÁN - Mặt nạ nghệ Hưng Yên Cocoon giúp da rạng rỡ & mịn màng 30ml,145.0,63000.0,"4,9",21000.0,,2023-03-08,Ginger,G,7
807,SPECIAL COMBO sáng da cơ bản từ nghệ Hưng Yên Cocoon - Tặng mặt nạ nghệ Hưng Yên Cocoon 30ml,390.0,918.0,5,353.0,,2023-03-09,Ginger,G,12
808,HÀNG TẶNG KHÔNG BÁN - Thạch nghệ Hưng Yên Cocoon 30ml,195.0,12000.0,"4,9",389.0,,2023-03-09,Ginger,G,10
809,HÀNG TẶNG KHÔNG BÁN - Mặt nạ nghệ Hưng Yên Cocoon giúp da rạng rỡ & mịn màng 30ml,145.0,63000.0,"4,9",21000.0,,2023-03-09,Ginger,G,7
810,[Mã COSCN12 giảm 8%] Sữa rửa mặt nghệ Hưng Yên Cocoon giúp da sạch mịn và rạng rỡ 140ml,165.75,96000.0,"4,9",35000.0,,2023-03-09,Ginger,G,21
811,[DEAL 1 TẶNG 1 ĐỘC QUYỀN FLASH SALE] Nước nghệ Hưng Yên 140ml TẶNG Mặt nạ nghệ 30ml Cocoon,340.0,494.0,"4,9",163.0,,2023-03-09,Ginger,G,15
812,Bigsize - Thạch nghệ Hưng Yên giúp làm sáng da và mờ thâm Cocoon 100ml,385.0,1000.0,"4,9",340.0,,2023-03-09,Ginger,G,3
813,[Mã COSCN12 giảm 8%] Combo sáng da chuyên sâu từ nghệ Hưng Yên Cocoon,817.0,391.0,5,141.0,,2023-03-09,Ginger,G,18
814,[Mã COSCN12 giảm 8%] Nước nghệ Hưng Yên (toner) Cocoon làm sáng da & cấp ẩm 140ml,165.75,61000.0,5,24000.0,,2023-03-09,Ginger,G,20
815,[Mã COSCN12 giảm 8%] Bigsize - Mặt nạ nghệ Hưng Yên Cocoon giúp da rạng rỡ & mịn màng 100ml,345.0,42000.0,"4,9",16000.0,,2023-03-09,Ginger,G,16
816,Bigsize - Sữa rửa mặt nghệ Hưng Yên Cocoon giúp da sạch mịn và rạng rỡ 310ml,250.75,33000.0,"4,9",11000.0,,2023-03-09,Ginger,G,2
817,[Mã COSCN12 giảm 8%] Mặt nạ nghệ Hưng Yên Cocoon giúp da rạng rỡ & mịn màng 30ml,145.0,23000.0,5,89000.0,,2023-03-09,Ginger,G,19
818,Thạch nghệ Hưng Yên giúp làm sáng da và mờ thâm Cocoon 30ml,195.0,29000.0,"4,9",895.0,,2023-03-09,Ginger,G,13
819,[Mã COSCN12 giảm 8%] Tinh chất nghệ Hưng Yên (serum) Cocoon sáng da chuyên sâu & mờ vết thâm 30ml,325.0,114000.0,"4,9",43000.0,,2023-03-09,Ginger,G,22
820,Tinh chất nghệ Hưng Yên x2.2 (serum) với 22% vitamin C sáng da chuyên sâu & mờ vết thâm Cocoon 30ml,465.0,46000.0,"4,9",13000.0,,2023-03-09,Ginger,G,14
870,[Mã COSCN12 giảm 8%] Combo Nước nghệ Hưng Yên 140ml + Mặt nạ nghệ 30ml Cocoon,323.0,275.0,"4,9",115.0,,2023-03-10,Ginger,G,17
871,[DEAL 1 TẶNG 1 ĐỘC QUYỀN FLASH SALE] Nước nghệ Hưng Yên 140ml TẶNG Mặt nạ nghệ 30ml Cocoon,,508.0,"4,9",167.0,,2023-03-10,Ginger,G,15
872,[Mã COSCN12 giảm 8%] Nước nghệ Hưng Yên (toner) Cocoon làm sáng da & cấp ẩm 140ml,195.0,61000.0,5,24000.0,,2023-03-10,Ginger,G,20
873,Bigsize - Nước nghệ Hưng Yên (toner) Cocoon làm sáng da & cấp ẩm 310ml,295.0,12000.0,"4,9",338.0,,2023-03-10,Ginger,G,1
874,SPECIAL COMBO sáng da cơ bản từ nghệ Hưng Yên Cocoon - Tặng mặt nạ nghệ Hưng Yên Cocoon 30ml,390.0,918.0,5,353.0,,2023-03-10,Ginger,G,12
875,Bigsize - Thạch nghệ Hưng Yên giúp làm sáng da và mờ thâm Cocoon 100ml,385.0,1000.0,"4,9",346.0,,2023-03-10,Ginger,G,3
876,Thạch nghệ Hưng Yên giúp làm sáng da và mờ thâm Cocoon 30ml,195.0,3000.0,"4,9",906.0,,2023-03-10,Ginger,G,13
877,[Mã COSCN12 giảm 8%] Mặt nạ nghệ Hưng Yên Cocoon giúp da rạng rỡ & mịn màng 30ml,145.0,23000.0,5,89000.0,,2023-03-10,Ginger,G,19
878,[Mã COSCN12 giảm 8%] Tinh chất nghệ Hưng Yên (serum) Cocoon sáng da chuyên sâu & mờ vết thâm 30ml,325.0,114000.0,"4,9",43000.0,,2023-03-10,Ginger,G,22
893,[DEAL 1 TẶNG 1 ĐỘC QUYỀN FLASH SALE] Nước nghệ Hưng Yên 140ml TẶNG Mặt nạ nghệ 30ml Cocoon,340.0,513.0,"4,9",168.0,,2023-03-11,Ginger,G,15
894,SPECIAL COMBO sáng da cơ bản từ nghệ Hưng Yên Cocoon - Tặng mặt nạ nghệ Hưng Yên Cocoon 30ml,390.0,921.0,5,353.0,,2023-03-11,Ginger,G,12
895,Bigsize - Nước nghệ Hưng Yên (toner) Cocoon làm sáng da & cấp ẩm 310ml,295.0,12000.0,"4,9",338.0,,2023-03-11,Ginger,G,1
896,[Mã COSCN12 giảm 8%] Xịt khoáng nghệ Hưng Yên Cocoon giúp sáng da và ngăn ngừa oxy hóa Cocoon 130ml,215.0,46000.0,"4,9",16000.0,,2023-03-11,Ginger,G,23
897,Bigsize - Thạch nghệ Hưng Yên giúp làm sáng da và mờ thâm Cocoon 100ml,385.0,1000.0,"4,9",350.0,,2023-03-11,Ginger,G,3
898,Thạch nghệ Hưng Yên giúp làm sáng da và mờ thâm Cocoon 30ml,,3000.0,"4,9",911.0,,2023-03-11,Ginger,G,13
899,[Mã COSCN12 giảm 8%] Sữa rửa mặt nghệ Hưng Yên Cocoon giúp da sạch mịn và rạng rỡ 140ml,195.0,96000.0,"4,9",35000.0,,2023-03-11,Ginger,G,21
900,Tinh chất nghệ Hưng Yên x2.2 (serum) với 22% vitamin C sáng da chuyên sâu & mờ vết thâm Cocoon 30ml,465.0,47000.0,"4,9",13000.0,,2023-03-11,Ginger,G,14
901,[Mã COSCN12 giảm 8%] Tinh chất nghệ Hưng Yên (serum) Cocoon sáng da chuyên sâu & mờ vết thâm 30ml,325.0,114000.0,"4,9",43000.0,,2023-03-11,Ginger,G,22
945,[Mã COSCN12 giảm 8%] Combo Nước nghệ Hưng Yên 140ml + Mặt nạ nghệ 30ml Cocoon,323.0,276.0,"4,9",115.0,,2023-03-12,Ginger,G,17
946,SPECIAL COMBO sáng da cơ bản từ nghệ Hưng Yên Cocoon - Tặng mặt nạ nghệ Hưng Yên Cocoon 30ml,390.0,921.0,5,353.0,,2023-03-12,Ginger,G,12
947,[Mã COSCN12 giảm 8%] Xịt khoáng nghệ Hưng Yên Cocoon giúp sáng da và ngăn ngừa oxy hóa Cocoon 130ml,215.0,46000.0,"4,9",16000.0,,2023-03-12,Ginger,G,23
948,[Mã COSCN12 giảm 8%] Combo sáng da chuyên sâu từ nghệ Hưng Yên Cocoon,817.0,392.0,5,141.0,,2023-03-12,Ginger,G,18
949,[Mã COSCN12 giảm 8%] Bigsize - Mặt nạ nghệ Hưng Yên Cocoon giúp da rạng rỡ & mịn màng 100ml,345.0,42000.0,"4,9",16000.0,,2023-03-12,Ginger,G,16
950,[Mã COSCN12 giảm 8%] Nước nghệ Hưng Yên (toner) Cocoon làm sáng da & cấp ẩm 140ml,195.0,61000.0,5,24000.0,,2023-03-12,Ginger,G,20
951,Bigsize - Thạch nghệ Hưng Yên giúp làm sáng da và mờ thâm Cocoon 100ml,385.0,1000.0,"4,9",350.0,,2023-03-12,Ginger,G,3
952,Thạch nghệ Hưng Yên giúp làm sáng da và mờ thâm Cocoon 30ml,195.0,3000.0,"4,9",915.0,,2023-03-12,Ginger,G,13
953,[Mã COSCN12 giảm 8%] Sữa rửa mặt nghệ Hưng Yên Cocoon giúp da sạch mịn và rạng rỡ 140ml,195.0,96000.0,"4,9",35000.0,,2023-03-12,Ginger,G,21
954,[Mã COSCN12 giảm 8%] Mặt nạ nghệ Hưng Yên Cocoon giúp da rạng rỡ & mịn màng 30ml,,231000.0,5,89000.0,,2023-03-12,Ginger,G,19
955,Tinh chất nghệ Hưng Yên x2.2 (serum) với 22% vitamin C sáng da chuyên sâu & mờ vết thâm Cocoon 30ml,465.0,47000.0,"4,9",13000.0,,2023-03-12,Ginger,G,14
956,[Mã COSCN12 giảm 8%] Tinh chất nghệ Hưng Yên (serum) Cocoon sáng da chuyên sâu & mờ vết thâm 30ml,325.0,114000.0,"4,9",43000.0,,2023-03-12,Ginger,G,22
991,[Mã COSCN12 giảm 8%] Combo Nước nghệ Hưng Yên 140ml + Mặt nạ nghệ 30ml Cocoon,323.0,276.0,"4,9",115.0,,2023-03-13,Ginger,G,17
992,[DEAL 1 TẶNG 1 ĐỘC QUYỀN FLASH SALE] Nước nghệ Hưng Yên 140ml TẶNG Mặt nạ nghệ 30ml Cocoon,340.0,521.0,"4,9",169.0,,2023-03-13,Ginger,G,15
993,Bigsize - Nước nghệ Hưng Yên (toner) Cocoon làm sáng da & cấp ẩm 310ml,295.0,12000.0,"4,9",339.0,,2023-03-13,Ginger,G,1
994,[Mã COSCN12 giảm 8%] Xịt khoáng nghệ Hưng Yên Cocoon giúp sáng da và ngăn ngừa oxy hóa Cocoon 130ml,182.75,46000.0,"4,9",16000.0,,2023-03-13,Ginger,G,23
995,[Mã COSCN12 giảm 8%] Combo sáng da chuyên sâu từ nghệ Hưng Yên Cocoon,817.0,392.0,5,141.0,,2023-03-13,Ginger,G,18
996,[Mã COSCN12 giảm 8%] Nước nghệ Hưng Yên (toner) Cocoon làm sáng da & cấp ẩm 140ml,195.0,62000.0,5,24000.0,,2023-03-13,Ginger,G,20
997,Bigsize - Thạch nghệ Hưng Yên giúp làm sáng da và mờ thâm Cocoon 100ml,385.0,11000.0,"4,9",350.0,,2023-03-13,Ginger,G,3
998,[Mã COSCN12 giảm 8%] Bigsize - Mặt nạ nghệ Hưng Yên Cocoon giúp da rạng rỡ & mịn màng 100ml,345.0,42000.0,"4,9",16000.0,,2023-03-13,Ginger,G,16
999,Thạch nghệ Hưng Yên giúp làm sáng da và mờ thâm Cocoon 30ml,195.0,3000.0,"4,9",915.0,,2023-03-13,Ginger,G,13
1000,[Mã COSCN12 giảm 8%] Sữa rửa mặt nghệ Hưng Yên Cocoon giúp da sạch mịn và rạng rỡ 140ml,195.0,96000.0,"4,9",35000.0,,2023-03-13,Ginger,G,21
1001,[Mã COSCN12 giảm 8%] Mặt nạ nghệ Hưng Yên Cocoon giúp da rạng rỡ & mịn màng 30ml,145.0,231000.0,5,89000.0,,2023-03-13,Ginger,G,19
1002,Tinh chất nghệ Hưng Yên x2.2 (serum) với 22% vitamin C sáng da chuyên sâu & mờ vết thâm Cocoon 30ml,465.0,47000.0,"4,9",13000.0,,2023-03-13,Ginger,G,14
1003,[Mã COSCN12 giảm 8%] Tinh chất nghệ Hưng Yên (serum) Cocoon sáng da chuyên sâu & mờ vết thâm 30ml,325.0,114000.0,"4,9",43000.0,,2023-03-13,Ginger,G,22
1057,[DEAL 1 TẶNG 1 ĐỘC QUYỀN FLASH SALE] Nước nghệ Hưng Yên 140ml TẶNG Mặt nạ nghệ 30ml Cocoon,340.0,530.0,"4,9",169.0,,2023-03-14,Ginger,G,15
1058,[Mã COSCN12 giảm 8%] Xịt khoáng nghệ Hưng Yên Cocoon giúp sáng da và ngăn ngừa oxy hóa Cocoon 130ml,215.0,46000.0,"4,9",16000.0,,2023-03-14,Ginger,G,23
1059,Bigsize - Nước nghệ Hưng Yên (toner) Cocoon làm sáng da & cấp ẩm 310ml,295.0,12000.0,"4,9",339.0,,2023-03-14,Ginger,G,1
1060,SPECIAL COMBO sáng da cơ bản từ nghệ Hưng Yên Cocoon - Tặng mặt nạ nghệ Hưng Yên Cocoon 30ml,390.0,926.0,5,353.0,,2023-03-14,Ginger,G,12
1061,[Mã COSCN12 giảm 8%] Nước nghệ Hưng Yên (toner) Cocoon làm sáng da & cấp ẩm 140ml,195.0,62000.0,5,24000.0,,2023-03-14,Ginger,G,20
1062,[Mã COSCN12 giảm 8%] Combo sáng da chuyên sâu từ nghệ Hưng Yên Cocoon,817.0,392.0,5,141.0,,2023-03-14,Ginger,G,18
1063,[Mã COSCN12 giảm 8%] Bigsize - Mặt nạ nghệ Hưng Yên Cocoon giúp da rạng rỡ & mịn màng 100ml,345.0,42000.0,"4,9",16000.0,,2023-03-14,Ginger,G,16
1064,Thạch nghệ Hưng Yên giúp làm sáng da và mờ thâm Cocoon 30ml,195.0,3000.0,"4,9",916.0,,2023-03-14,Ginger,G,13
1065,[Mã COSCN12 giảm 8%] Sữa rửa mặt nghệ Hưng Yên Cocoon giúp da sạch mịn và rạng rỡ 140ml,195.0,97000.0,"4,9",35000.0,,2023-03-14,Ginger,G,21
1066,[Mã COSCN12 giảm 8%] Mặt nạ nghệ Hưng Yên Cocoon giúp da rạng rỡ & mịn màng 30ml,145.0,231000.0,5,89000.0,,2023-03-14,Ginger,G,19
1067,Tinh chất nghệ Hưng Yên x2.2 (serum) với 22% vitamin C sáng da chuyên sâu & mờ vết thâm Cocoon 30ml,465.0,48000.0,"4,9",13000.0,,2023-03-14,Ginger,G,14
1068,Bigsize - Sữa rửa mặt nghệ Hưng Yên Cocoon giúp da sạch mịn và rạng rỡ 310ml,295.0,34000.0,"4,9",11000.0,,2023-03-14,Ginger,G,2
1069,[Mã COSCN12 giảm 8%] Tinh chất nghệ Hưng Yên (serum) Cocoon sáng da chuyên sâu & mờ vết thâm 30ml,325.0,114000.0,"4,9",43000.0,,2023-03-14,Ginger,G,22
1118,[Mã COSCN12 giảm 8%] Combo Nước nghệ Hưng Yên 140ml + Mặt nạ nghệ 30ml Cocoon,274.55,276.0,"4,9",115.0,15.0,2023-03-15,Ginger,G,17
1119,[DEAL 1 TẶNG 1 ĐỘC QUYỀN FLASH SALE] Nước nghệ Hưng Yên 140ml TẶNG Mặt nạ nghệ 30ml Cocoon,195.0,545.0,"4,9",169.0,43.0,2023-03-15,Ginger,G,15
1120,Bigsize - Nước nghệ Hưng Yên (toner) Cocoon làm sáng da & cấp ẩm 310ml,250.75,12000.0,"4,9",341.0,15.0,2023-03-15,Ginger,G,1
1121,[Mã COSCN12 giảm 8%] Xịt khoáng nghệ Hưng Yên Cocoon giúp sáng da và ngăn ngừa oxy hóa Cocoon 130ml,182.75,46000.0,"4,9",16000.0,15.0,2023-03-15,Ginger,G,23
1122,[Mã COSCN12 giảm 8%] Combo sáng da chuyên sâu từ nghệ Hưng Yên Cocoon,694.45,392.0,5,141.0,15.0,2023-03-15,Ginger,G,18
1123,SPECIAL COMBO sáng da cơ bản từ nghệ Hưng Yên Cocoon - Tặng mặt nạ nghệ Hưng Yên Cocoon 30ml,370.0,929.0,5,353.0,5.0,2023-03-15,Ginger,G,12
1124,[Mã COSCN12 giảm 8%] Nước nghệ Hưng Yên (toner) Cocoon làm sáng da & cấp ẩm 140ml,165.75,62000.0,5,24000.0,15.0,2023-03-15,Ginger,G,20
1125,Bigsize - Thạch nghệ Hưng Yên giúp làm sáng da và mờ thâm Cocoon 100ml,327.25,11000.0,"4,9",354.0,15.0,2023-03-15,Ginger,G,3
1126,[Mã COSCN12 giảm 8%] Bigsize - Mặt nạ nghệ Hưng Yên Cocoon giúp da rạng rỡ & mịn màng 100ml,293.25,42000.0,"4,9",16000.0,15.0,2023-03-15,Ginger,G,16
1127,[Mã COSCN12 giảm 8%] Sữa rửa mặt nghệ Hưng Yên Cocoon giúp da sạch mịn và rạng rỡ 140ml,165.75,97000.0,"4,9",35000.0,15.0,2023-03-15,Ginger,G,21
1128,[Mã COSCN12 giảm 8%] Mặt nạ nghệ Hưng Yên Cocoon giúp da rạng rỡ & mịn màng 30ml,123.25,231000.0,5,89000.0,15.0,2023-03-15,Ginger,G,19
1129,Bigsize - Sữa rửa mặt nghệ Hưng Yên Cocoon giúp da sạch mịn và rạng rỡ 310ml,250.75,34000.0,"4,9",11000.0,15.0,2023-03-15,Ginger,G,2
1130,Thạch nghệ Hưng Yên giúp làm sáng da và mờ thâm Cocoon 30ml,165.75,3000.0,"4,9",922.0,15.0,2023-03-15,Ginger,G,13
1131,Tinh chất nghệ Hưng Yên x2.2 (serum) với 22% vitamin C sáng da chuyên sâu & mờ vết thâm Cocoon 30ml,395.25,48000.0,"4,9",13000.0,15.0,2023-03-15,Ginger,G,14
1132,[Mã COSCN12 giảm 8%] Tinh chất nghệ Hưng Yên (serum) Cocoon sáng da chuyên sâu & mờ vết thâm 30ml,276.25,115000.0,"4,9",43000.0,15.0,2023-03-15,Ginger,G,22
1148,[Mã COSCN12 giảm 8%] Combo Nước nghệ Hưng Yên 140ml + Mặt nạ nghệ 30ml Cocoon,274.55,276.0,"4,9",115.0,15.0,2023-03-16,Ginger,G,17
1149,[DEAL 1 TẶNG 1 ĐỘC QUYỀN FLASH SALE] Nước nghệ Hưng Yên 140ml TẶNG Mặt nạ nghệ 30ml Cocoon,340.0,552.0,"4,9",169.0,,2023-03-16,Ginger,G,15
1150,[Mã COSCN12 giảm 8%] Xịt khoáng nghệ Hưng Yên Cocoon giúp sáng da và ngăn ngừa oxy hóa Cocoon 130ml,182.75,46000.0,"4,9",16000.0,15.0,2023-03-16,Ginger,G,23
1151,Bigsize - Nước nghệ Hưng Yên (toner) Cocoon làm sáng da & cấp ẩm 310ml,250.75,12000.0,"4,9",342.0,15.0,2023-03-16,Ginger,G,1
1152,[Mã COSCN12 giảm 8%] Combo sáng da chuyên sâu từ nghệ Hưng Yên Cocoon,694.45,393.0,5,142.0,15.0,2023-03-16,Ginger,G,18
1153,[Mã COSCN12 giảm 8%] Nước nghệ Hưng Yên (toner) Cocoon làm sáng da & cấp ẩm 140ml,165.75,62000.0,5,24000.0,15.0,2023-03-16,Ginger,G,20
1154,SPECIAL COMBO sáng da cơ bản từ nghệ Hưng Yên Cocoon - Tặng mặt nạ nghệ Hưng Yên Cocoon 30ml,390.0,930.0,5,354.0,,2023-03-16,Ginger,G,12
1155,[Mã COSCN12 giảm 8%] Bigsize - Mặt nạ nghệ Hưng Yên Cocoon giúp da rạng rỡ & mịn màng 100ml,293.25,42000.0,"4,9",16000.0,15.0,2023-03-16,Ginger,G,16
1156,Bigsize - Thạch nghệ Hưng Yên giúp làm sáng da và mờ thâm Cocoon 100ml,327.25,11000.0,"4,9",354.0,15.0,2023-03-16,Ginger,G,3
1157,[Mã COSCN12 giảm 8%] Sữa rửa mặt nghệ Hưng Yên Cocoon giúp da sạch mịn và rạng rỡ 140ml,165.75,97000.0,"4,9",35000.0,15.0,2023-03-16,Ginger,G,21
1158,[Mã COSCN12 giảm 8%] Mặt nạ nghệ Hưng Yên Cocoon giúp da rạng rỡ & mịn màng 30ml,123.25,231000.0,5,89000.0,15.0,2023-03-16,Ginger,G,19
1159,Bigsize - Sữa rửa mặt nghệ Hưng Yên Cocoon giúp da sạch mịn và rạng rỡ 310ml,250.75,34000.0,"4,9",11000.0,15.0,2023-03-16,Ginger,G,2
1160,Thạch nghệ Hưng Yên giúp làm sáng da và mờ thâm Cocoon 30ml,165.75,3000.0,"4,9",924.0,15.0,2023-03-16,Ginger,G,13
1161,[Mã COSCN12 giảm 8%] Tinh chất nghệ Hưng Yên (serum) Cocoon sáng da chuyên sâu & mờ vết thâm 30ml,276.25,115000.0,"4,9",43000.0,15.0,2023-03-16,Ginger,G,22
1162,Tinh chất nghệ Hưng Yên x2.2 (serum) với 22% vitamin C sáng da chuyên sâu & mờ vết thâm Cocoon 30ml,395.25,48000.0,"4,9",13000.0,15.0,2023-03-16,Ginger,G,14
1208,[Mã COSCN12 giảm 8%] Xịt khoáng nghệ Hưng Yên Cocoon giúp sáng da và ngăn ngừa oxy hóa Cocoon 130ml,215.0,46000.0,"4,9",16000.0,,2023-03-19,Ginger,G,23
1209,[DEAL 1 TẶNG 1 ĐỘC QUYỀN FLASH SALE] Nước nghệ Hưng Yên 140ml TẶNG Mặt nạ nghệ 30ml Cocoon,340.0,565.0,"4,9",170.0,,2023-03-19,Ginger,G,15
1210,[Mã COSCN12 giảm 8%] Combo Nước nghệ Hưng Yên 140ml + Mặt nạ nghệ 30ml Cocoon,323.0,276.0,"4,9",115.0,,2023-03-19,Ginger,G,17
1211,Bigsize - Nước nghệ Hưng Yên (toner) Cocoon làm sáng da & cấp ẩm 310ml,295.0,12000.0,"4,9",345.0,,2023-03-19,Ginger,G,1
1212,[Mã COSCN12 giảm 8%] Mặt nạ nghệ Hưng Yên Cocoon giúp da rạng rỡ & mịn màng 30ml,145.0,232000.0,5,9000.0,,2023-03-19,Ginger,G,19
1213,SPECIAL COMBO sáng da cơ bản từ nghệ Hưng Yên Cocoon - Tặng mặt nạ nghệ Hưng Yên Cocoon 30ml,390.0,937.0,5,356.0,,2023-03-19,Ginger,G,12
1214,Bigsize - Sữa rửa mặt nghệ Hưng Yên Cocoon giúp da sạch mịn và rạng rỡ 310ml,295.0,35000.0,"4,9",11000.0,,2023-03-19,Ginger,G,2
1215,Bigsize - Thạch nghệ Hưng Yên giúp làm sáng da và mờ thâm Cocoon 100ml,385.0,11000.0,"4,9",360.0,,2023-03-19,Ginger,G,3
1216,[Mã COSCN12 giảm 8%] Nước nghệ Hưng Yên (toner) Cocoon làm sáng da & cấp ẩm 140ml,195.0,62000.0,5,24000.0,,2023-03-19,Ginger,G,20
1217,[Mã COSCN12 giảm 8%] Sữa rửa mặt nghệ Hưng Yên Cocoon giúp da sạch mịn và rạng rỡ 140ml,195.0,97000.0,"4,9",36000.0,,2023-03-19,Ginger,G,21
1218,Thạch nghệ Hưng Yên giúp làm sáng da và mờ thâm Cocoon 30ml,195.0,31000.0,"4,9",935.0,,2023-03-19,Ginger,G,13
1219,[Mã COSCN12 giảm 8%] Combo sáng da chuyên sâu từ nghệ Hưng Yên Cocoon,817.0,393.0,5,142.0,,2023-03-19,Ginger,G,18
1220,[Mã COSCN12 giảm 8%] Bigsize - Mặt nạ nghệ Hưng Yên Cocoon giúp da rạng rỡ & mịn màng 100ml,345.0,42000.0,"4,9",16000.0,,2023-03-19,Ginger,G,16
1221,Tinh chất nghệ Hưng Yên x2.2 (serum) với 22% vitamin C sáng da chuyên sâu & mờ vết thâm Cocoon 30ml,465.0,49000.0,"4,9",14000.0,,2023-03-19,Ginger,G,14
1222,[Mã COSCN12 giảm 8%] Tinh chất nghệ Hưng Yên (serum) Cocoon sáng da chuyên sâu & mờ vết thâm 30ml,325.0,115000.0,"4,9",43000.0,,2023-03-19,Ginger,G,22
1265,[Mã COSCN12 giảm 8%] Xịt khoáng nghệ Hưng Yên Cocoon giúp sáng da và ngăn ngừa oxy hóa Cocoon 130ml,215.0,46000.0,"4,9",16000.0,,2023-03-20,Ginger,G,23
1266,[DEAL 1 TẶNG 1 ĐỘC QUYỀN FLASH SALE] Nước nghệ Hưng Yên 140ml TẶNG Mặt nạ nghệ 30ml Cocoon,340.0,566.0,"4,9",171.0,,2023-03-20,Ginger,G,15
1267,[Mã COSCN12 giảm 8%] Combo Nước nghệ Hưng Yên 140ml + Mặt nạ nghệ 30ml Cocoon,323.0,277.0,"4,9",116.0,,2023-03-20,Ginger,G,17
1268,Bigsize - Nước nghệ Hưng Yên (toner) Cocoon làm sáng da & cấp ẩm 310ml,295.0,12000.0,"4,9",346.0,,2023-03-20,Ginger,G,1
1269,SPECIAL COMBO sáng da cơ bản từ nghệ Hưng Yên Cocoon - Tặng mặt nạ nghệ Hưng Yên Cocoon 30ml,390.0,939.0,5,356.0,,2023-03-20,Ginger,G,12
1270,[Mã COSCN12 giảm 8%] Nước nghệ Hưng Yên (toner) Cocoon làm sáng da & cấp ẩm 140ml,195.0,62000.0,5,24000.0,,2023-03-20,Ginger,G,20
1271,[Mã COSCN12 giảm 8%] Mặt nạ nghệ Hưng Yên Cocoon giúp da rạng rỡ & mịn màng 30ml,145.0,232000.0,5,9000.0,,2023-03-20,Ginger,G,19
1272,[Mã COSCN12 giảm 8%] Combo sáng da chuyên sâu từ nghệ Hưng Yên Cocoon,817.0,394.0,5,142.0,,2023-03-20,Ginger,G,18
1273,Bigsize - Thạch nghệ Hưng Yên giúp làm sáng da và mờ thâm Cocoon 100ml,385.0,11000.0,"4,9",360.0,,2023-03-20,Ginger,G,3
1274,Bigsize - Sữa rửa mặt nghệ Hưng Yên Cocoon giúp da sạch mịn và rạng rỡ 310ml,295.0,35000.0,"4,9",11000.0,,2023-03-20,Ginger,G,2
1275,[Mã COSCN12 giảm 8%] Bigsize - Mặt nạ nghệ Hưng Yên Cocoon giúp da rạng rỡ & mịn màng 100ml,345.0,42000.0,"4,9",16000.0,,2023-03-20,Ginger,G,16
1276,[Mã COSCN12 giảm 8%] Sữa rửa mặt nghệ Hưng Yên Cocoon giúp da sạch mịn và rạng rỡ 140ml,195.0,97000.0,"4,9",36000.0,,2023-03-20,Ginger,G,21
1277,Thạch nghệ Hưng Yên giúp làm sáng da và mờ thâm Cocoon 30ml,195.0,31000.0,"4,9",942.0,,2023-03-20,Ginger,G,13
1278,Tinh chất nghệ Hưng Yên x2.2 (serum) với 22% vitamin C sáng da chuyên sâu & mờ vết thâm Cocoon 30ml,465.0,5000.0,"4,9",14000.0,,2023-03-20,Ginger,G,14
1279,[Mã COSCN12 giảm 8%] Tinh chất nghệ Hưng Yên (serum) Cocoon sáng da chuyên sâu & mờ vết thâm 30ml,325.0,115000.0,"4,9",43000.0,,2023-03-20,Ginger,G,22
1334,[DEAL 1 TẶNG 1 ĐỘC QUYỀN FLASH SALE] Nước nghệ Hưng Yên 140ml TẶNG Mặt nạ nghệ 30ml Cocoon,340.0,566.0,"4,9",172.0,,2023-03-21,Ginger,G,15
1335,[Mã COSCN12 giảm 8%] Xịt khoáng nghệ Hưng Yên Cocoon giúp sáng da và ngăn ngừa oxy hóa Cocoon 130ml,215.0,46000.0,"4,9",16000.0,,2023-03-21,Ginger,G,23
1336,Bigsize - Nước nghệ Hưng Yên (toner) Cocoon làm sáng da & cấp ẩm 310ml,295.0,12000.0,"4,9",346.0,,2023-03-21,Ginger,G,1
1337,[Mã COSCN12 giảm 8%] Combo Nước nghệ Hưng Yên 140ml + Mặt nạ nghệ 30ml Cocoon,323.0,277.0,"4,9",116.0,,2023-03-21,Ginger,G,17
1338,[Mã COSCN12 giảm 8%] Mặt nạ nghệ Hưng Yên Cocoon giúp da rạng rỡ & mịn màng 30ml,145.0,233000.0,5,9000.0,,2023-03-21,Ginger,G,19
1339,SPECIAL COMBO sáng da cơ bản từ nghệ Hưng Yên Cocoon - Tặng mặt nạ nghệ Hưng Yên Cocoon 30ml,390.0,942.0,5,356.0,,2023-03-21,Ginger,G,12
1340,[Mã COSCN12 giảm 8%] Nước nghệ Hưng Yên (toner) Cocoon làm sáng da & cấp ẩm 140ml,195.0,62000.0,5,24000.0,,2023-03-21,Ginger,G,20
1341,[Mã COSCN12 giảm 8%] Combo sáng da chuyên sâu từ nghệ Hưng Yên Cocoon,817.0,394.0,5,142.0,,2023-03-21,Ginger,G,18
1342,Bigsize - Sữa rửa mặt nghệ Hưng Yên Cocoon giúp da sạch mịn và rạng rỡ 310ml,295.0,35000.0,"4,9",11000.0,,2023-03-21,Ginger,G,2
1343,Bigsize - Thạch nghệ Hưng Yên giúp làm sáng da và mờ thâm Cocoon 100ml,385.0,11000.0,"4,9",361.0,,2023-03-21,Ginger,G,3
1344,[Mã COSCN12 giảm 8%] Bigsize - Mặt nạ nghệ Hưng Yên Cocoon giúp da rạng rỡ & mịn màng 100ml,345.0,42000.0,"4,9",16000.0,,2023-03-21,Ginger,G,16
1345,[Mã COSCN12 giảm 8%] Sữa rửa mặt nghệ Hưng Yên Cocoon giúp da sạch mịn và rạng rỡ 140ml,195.0,97000.0,"4,9",36000.0,,2023-03-21,Ginger,G,21
1346,Thạch nghệ Hưng Yên giúp làm sáng da và mờ thâm Cocoon 30ml,195.0,31000.0,"4,9",944.0,,2023-03-21,Ginger,G,13
1347,Tinh chất nghệ Hưng Yên x2.2 (serum) với 22% vitamin C sáng da chuyên sâu & mờ vết thâm Cocoon 30ml,465.0,5000.0,"4,9",14000.0,,2023-03-21,Ginger,G,14
1348,[Mã COSCN12 giảm 8%] Tinh chất nghệ Hưng Yên (serum) Cocoon sáng da chuyên sâu & mờ vết thâm 30ml,325.0,115000.0,"4,9",43000.0,,2023-03-21,Ginger,G,22
1395,[DEAL 1 TẶNG 1 ĐỘC QUYỀN FLASH SALE] Nước nghệ Hưng Yên 140ml TẶNG Mặt nạ nghệ 30ml Cocoon,340.0,566.0,"4,9",173.0,,2023-03-22,Ginger,G,15
1396,[Mã COSCN12 giảm 8%] Combo Nước nghệ Hưng Yên 140ml + Mặt nạ nghệ 30ml Cocoon,323.0,277.0,"4,9",116.0,,2023-03-22,Ginger,G,17
1397,[Mã COSCN12 giảm 8%] Xịt khoáng nghệ Hưng Yên Cocoon giúp sáng da và ngăn ngừa oxy hóa Cocoon 130ml,215.0,46000.0,"4,9",16000.0,,2023-03-22,Ginger,G,23
1398,SPECIAL COMBO sáng da cơ bản từ nghệ Hưng Yên Cocoon - Tặng mặt nạ nghệ Hưng Yên Cocoon 30ml,390.0,946.0,5,358.0,,2023-03-22,Ginger,G,12
1399,[Mã COSCN12 giảm 8%] Mặt nạ nghệ Hưng Yên Cocoon giúp da rạng rỡ & mịn màng 30ml,145.0,233000.0,5,9000.0,,2023-03-22,Ginger,G,19
1400,[Mã COSCN12 giảm 8%] Nước nghệ Hưng Yên (toner) Cocoon làm sáng da & cấp ẩm 140ml,195.0,62000.0,5,24000.0,,2023-03-22,Ginger,G,20
1401,[Mã COSCN12 giảm 8%] Combo sáng da chuyên sâu từ nghệ Hưng Yên Cocoon,817.0,394.0,5,142.0,,2023-03-22,Ginger,G,18
1402,Bigsize - Thạch nghệ Hưng Yên giúp làm sáng da và mờ thâm Cocoon 100ml,385.0,11000.0,"4,9",362.0,,2023-03-22,Ginger,G,3
1403,[Mã COSCN12 giảm 8%] Bigsize - Mặt nạ nghệ Hưng Yên Cocoon giúp da rạng rỡ & mịn màng 100ml,345.0,42000.0,"4,9",16000.0,,2023-03-22,Ginger,G,16
1404,Bigsize - Sữa rửa mặt nghệ Hưng Yên Cocoon giúp da sạch mịn và rạng rỡ 310ml,295.0,35000.0,"4,9",11000.0,,2023-03-22,Ginger,G,2
1405,[Mã COSCN12 giảm 8%] Sữa rửa mặt nghệ Hưng Yên Cocoon giúp da sạch mịn và rạng rỡ 140ml,195.0,97000.0,"4,9",36000.0,,2023-03-22,Ginger,G,21
1406,Thạch nghệ Hưng Yên giúp làm sáng da và mờ thâm Cocoon 30ml,,31000.0,"4,9",947.0,,2023-03-22,Ginger,G,13
1407,[Mã COSCN12 giảm 8%] Tinh chất nghệ Hưng Yên (serum) Cocoon sáng da chuyên sâu & mờ vết thâm 30ml,325.0,115000.0,"4,9",43000.0,,2023-03-22,Ginger,G,22
1463,[DEAL 1 TẶNG 1 ĐỘC QUYỀN FLASH SALE] Nước nghệ Hưng Yên 140ml TẶNG Mặt nạ nghệ 30ml Cocoon,289.0,566.0,"4,9",174.0,15.0,2023-03-23,Ginger,G,15
1464,[Mã COSCN12 giảm 8%] Combo Nước nghệ Hưng Yên 140ml + Mặt nạ nghệ 30ml Cocoon,274.55,277.0,"4,9",116.0,15.0,2023-03-23,Ginger,G,17
1465,[Mã COSCN12 giảm 8%] Xịt khoáng nghệ Hưng Yên Cocoon giúp sáng da và ngăn ngừa oxy hóa Cocoon 130ml,182.75,46000.0,"4,9",16000.0,15.0,2023-03-23,Ginger,G,23
1466,SPECIAL COMBO sáng da cơ bản từ nghệ Hưng Yên Cocoon - Tặng mặt nạ nghệ Hưng Yên Cocoon 30ml,390.0,946.0,5,358.0,,2023-03-23,Ginger,G,12
1467,[Mã COSCN12 giảm 8%] Mặt nạ nghệ Hưng Yên Cocoon giúp da rạng rỡ & mịn màng 30ml,123.25,233000.0,5,9000.0,15.0,2023-03-23,Ginger,G,19
1468,[Mã COSCN12 giảm 8%] Nước nghệ Hưng Yên (toner) Cocoon làm sáng da & cấp ẩm 140ml,165.75,62000.0,5,24000.0,15.0,2023-03-23,Ginger,G,20
1469,[Mã COSCN12 giảm 8%] Combo sáng da chuyên sâu từ nghệ Hưng Yên Cocoon,694.45,394.0,5,142.0,15.0,2023-03-23,Ginger,G,18
1470,Bigsize - Thạch nghệ Hưng Yên giúp làm sáng da và mờ thâm Cocoon 100ml,327.25,11000.0,"4,9",362.0,15.0,2023-03-23,Ginger,G,3
1471,[Mã COSCN12 giảm 8%] Bigsize - Mặt nạ nghệ Hưng Yên Cocoon giúp da rạng rỡ & mịn màng 100ml,293.25,42000.0,"4,9",16000.0,15.0,2023-03-23,Ginger,G,16
1472,[Mã COSCN12 giảm 8%] Sữa rửa mặt nghệ Hưng Yên Cocoon giúp da sạch mịn và rạng rỡ 140ml,,97000.0,"4,9",36000.0,15.0,2023-03-23,Ginger,G,21
1473,Bigsize - Sữa rửa mặt nghệ Hưng Yên Cocoon giúp da sạch mịn và rạng rỡ 310ml,250.75,35000.0,"4,9",11000.0,15.0,2023-03-23,Ginger,G,2
1474,Thạch nghệ Hưng Yên giúp làm sáng da và mờ thâm Cocoon 30ml,165.75,31000.0,"4,9",950.0,15.0,2023-03-23,Ginger,G,13
1475,[Mã COSCN12 giảm 8%] Tinh chất nghệ Hưng Yên (serum) Cocoon sáng da chuyên sâu & mờ vết thâm 30ml,276.25,115000.0,"4,9",43000.0,15.0,2023-03-23,Ginger,G,22
1528,[DEAL 1 TẶNG 1 ĐỘC QUYỀN FLASH SALE] Nước nghệ Hưng Yên 140ml TẶNG Mặt nạ nghệ 30ml Cocoon,272.0,566.0,"4,9",174.0,20.0,2023-03-24,Ginger,G,15
1529,[Mã COSCN12 giảm 8%] Combo Nước nghệ Hưng Yên 140ml + Mặt nạ nghệ 30ml Cocoon,258.4,277.0,"4,9",116.0,20.0,2023-03-24,Ginger,G,17
1530,SPECIAL COMBO sáng da cơ bản từ nghệ Hưng Yên Cocoon - Tặng mặt nạ nghệ Hưng Yên Cocoon 30ml,,951.0,5,361.0,,2023-03-24,Ginger,G,12
1531,[Mã COSCN12 giảm 8%] Bigsize - Mặt nạ nghệ Hưng Yên Cocoon giúp da rạng rỡ & mịn màng 100ml,276.0,42000.0,"4,9",16000.0,20.0,2023-03-24,Ginger,G,16
1532,[Mã COSCN12 giảm 8%] Xịt khoáng nghệ Hưng Yên Cocoon giúp sáng da và ngăn ngừa oxy hóa Cocoon 130ml,172.0,46000.0,"4,9",16000.0,20.0,2023-03-24,Ginger,G,23
1533,[Mã COSCN12 giảm 8%] Combo sáng da chuyên sâu từ nghệ Hưng Yên Cocoon,653.6,394.0,5,142.0,20.0,2023-03-24,Ginger,G,18
1534,[Mã COSCN12 giảm 8%] Nước nghệ Hưng Yên (toner) Cocoon làm sáng da & cấp ẩm 140ml,156.0,62000.0,5,24000.0,20.0,2023-03-24,Ginger,G,20
1535,Bigsize - Thạch nghệ Hưng Yên giúp làm sáng da và mờ thâm Cocoon 100ml,308.0,11000.0,"4,9",362.0,20.0,2023-03-24,Ginger,G,3
1536,[Mã COSCN12 giảm 8%] Mặt nạ nghệ Hưng Yên Cocoon giúp da rạng rỡ & mịn màng 30ml,,233000.0,5,9000.0,20.0,2023-03-24,Ginger,G,19
1537,[Mã COSCN12 giảm 8%] Sữa rửa mặt nghệ Hưng Yên Cocoon giúp da sạch mịn và rạng rỡ 140ml,156.0,97000.0,"4,9",36000.0,20.0,2023-03-24,Ginger,G,21
1538,Thạch nghệ Hưng Yên giúp làm sáng da và mờ thâm Cocoon 30ml,156.0,31000.0,"4,9",957.0,20.0,2023-03-24,Ginger,G,13
1539,Bigsize - Sữa rửa mặt nghệ Hưng Yên Cocoon giúp da sạch mịn và rạng rỡ 310ml,236.0,35000.0,"4,9",11000.0,20.0,2023-03-24,Ginger,G,2
1540,[Mã COSCN12 giảm 8%] Tinh chất nghệ Hưng Yên (serum) Cocoon sáng da chuyên sâu & mờ vết thâm 30ml,260.0,116000.0,"4,9",43000.0,20.0,2023-03-24,Ginger,G,22
1541,Tinh chất nghệ Hưng Yên x2.2 (serum) với 22% vitamin C sáng da chuyên sâu & mờ vết thâm Cocoon 30ml,372.0,5000.0,"4,9",14000.0,20.0,2023-03-24,Ginger,G,14
1593,[DEAL 1 TẶNG 1 ĐỘC QUYỀN FLASH SALE] Nước nghệ Hưng Yên 140ml TẶNG Mặt nạ nghệ 30ml Cocoon,340.0,568.0,"4,9",174.0,,2023-03-25,Ginger,G,15
1594,[Mã COSCN12 giảm 8%] Combo Nước nghệ Hưng Yên 140ml + Mặt nạ nghệ 30ml Cocoon,323.0,278.0,"4,9",117.0,,2023-03-25,Ginger,G,17
1595,Bigsize - Sữa rửa mặt nghệ Hưng Yên Cocoon giúp da sạch mịn và rạng rỡ 310ml,295.0,35000.0,"4,9",11000.0,,2023-03-25,Ginger,G,2
1596,[Mã COSCN12 giảm 8%] Bigsize - Mặt nạ nghệ Hưng Yên Cocoon giúp da rạng rỡ & mịn màng 100ml,345.0,42000.0,"4,9",16000.0,,2023-03-25,Ginger,G,16
1597,[Mã COSCN12 giảm 8%] Combo sáng da chuyên sâu từ nghệ Hưng Yên Cocoon,817.0,395.0,5,142.0,,2023-03-25,Ginger,G,18
1598,[Mã COSCN12 giảm 8%] Nước nghệ Hưng Yên (toner) Cocoon làm sáng da & cấp ẩm 140ml,195.0,62000.0,5,24000.0,,2023-03-25,Ginger,G,20
1599,[Mã COSCN12 giảm 8%] Xịt khoáng nghệ Hưng Yên Cocoon giúp sáng da và ngăn ngừa oxy hóa Cocoon 130ml,215.0,46000.0,"4,9",16000.0,,2023-03-25,Ginger,G,23
1600,Bigsize - Thạch nghệ Hưng Yên giúp làm sáng da và mờ thâm Cocoon 100ml,385.0,11000.0,"4,9",364.0,,2023-03-25,Ginger,G,3
1601,SPECIAL COMBO sáng da cơ bản từ nghệ Hưng Yên Cocoon - Tặng mặt nạ nghệ Hưng Yên Cocoon 30ml,390.0,954.0,5,362.0,,2023-03-25,Ginger,G,12
1602,[Mã COSCN12 giảm 8%] Sữa rửa mặt nghệ Hưng Yên Cocoon giúp da sạch mịn và rạng rỡ 140ml,195.0,98000.0,"4,9",36000.0,,2023-03-25,Ginger,G,21
1603,Thạch nghệ Hưng Yên giúp làm sáng da và mờ thâm Cocoon 30ml,195.0,31000.0,"4,9",960.0,,2023-03-25,Ginger,G,13
1604,[Mã COSCN12 giảm 8%] Mặt nạ nghệ Hưng Yên Cocoon giúp da rạng rỡ & mịn màng 30ml,145.0,233000.0,5,9000.0,,2023-03-25,Ginger,G,19
1605,[Mã COSCN12 giảm 8%] Tinh chất nghệ Hưng Yên (serum) Cocoon sáng da chuyên sâu & mờ vết thâm 30ml,325.0,116000.0,"4,9",43000.0,,2023-03-25,Ginger,G,22
1606,Tinh chất nghệ Hưng Yên x2.2 (serum) với 22% vitamin C sáng da chuyên sâu & mờ vết thâm Cocoon 30ml,465.0,5000.0,"4,9",14000.0,,2023-03-25,Ginger,G,14
1659,[DEAL 1 TẶNG 1 ĐỘC QUYỀN FLASH SALE] Nước nghệ Hưng Yên 140ml TẶNG Mặt nạ nghệ 30ml Cocoon,340.0,174.0,"4,9",568.0,,2023-03-26,Ginger,G,15
1660,[Mã COSCN12 giảm 8%] Combo Nước nghệ Hưng Yên 140ml + Mặt nạ nghệ 30ml Cocoon,323.0,117.0,"4,9",278.0,,2023-03-26,Ginger,G,17
1661,Bigsize - Sữa rửa mặt nghệ Hưng Yên Cocoon giúp da sạch mịn và rạng rỡ 310ml,295.0,11000.0,"4,9",35000.0,,2023-03-26,Ginger,G,2
1662,[Mã COSCN12 giảm 8%] Bigsize - Mặt nạ nghệ Hưng Yên Cocoon giúp da rạng rỡ & mịn màng 100ml,345.0,16000.0,"4,9",42000.0,,2023-03-26,Ginger,G,16
1663,[Mã COSCN12 giảm 8%] Combo sáng da chuyên sâu từ nghệ Hưng Yên Cocoon,817.0,142.0,5,395.0,,2023-03-26,Ginger,G,18
1664,[Mã COSCN12 giảm 8%] Nước nghệ Hưng Yên (toner) Cocoon làm sáng da & cấp ẩm 140ml,195.0,62000.0,5,24000.0,,2023-03-26,Ginger,G,20
1665,[Mã COSCN12 giảm 8%] Xịt khoáng nghệ Hưng Yên Cocoon giúp sáng da và ngăn ngừa oxy hóa Cocoon 130ml,215.0,46000.0,"4,9",16000.0,,2023-03-26,Ginger,G,23
1666,Bigsize - Thạch nghệ Hưng Yên giúp làm sáng da và mờ thâm Cocoon 100ml,385.0,11000.0,"4,9",364.0,,2023-03-26,Ginger,G,3
1667,SPECIAL COMBO sáng da cơ bản từ nghệ Hưng Yên Cocoon - Tặng mặt nạ nghệ Hưng Yên Cocoon 30ml,390.0,954.0,5,362.0,,2023-03-26,Ginger,G,12
1668,[Mã COSCN12 giảm 8%] Sữa rửa mặt nghệ Hưng Yên Cocoon giúp da sạch mịn và rạng rỡ 140ml,195.0,98000.0,"4,9",36000.0,,2023-03-26,Ginger,G,21
1669,Thạch nghệ Hưng Yên giúp làm sáng da và mờ thâm Cocoon 30ml,195.0,31000.0,"4,9",960.0,,2023-03-26,Ginger,G,13
1670,[Mã COSCN12 giảm 8%] Mặt nạ nghệ Hưng Yên Cocoon giúp da rạng rỡ & mịn màng 30ml,145.0,233000.0,5,9000.0,,2023-03-26,Ginger,G,19
1671,[Mã COSCN12 giảm 8%] Tinh chất nghệ Hưng Yên (serum) Cocoon sáng da chuyên sâu & mờ vết thâm 30ml,325.0,116000.0,"4,9",43000.0,,2023-03-26,Ginger,G,22
1672,Tinh chất nghệ Hưng Yên x2.2 (serum) với 22% vitamin C sáng da chuyên sâu & mờ vết thâm Cocoon 30ml,465.0,5000.0,"4,9",14000.0,,2023-03-26,Ginger,G,14
1722,[DEAL 1 TẶNG 1 ĐỘC QUYỀN FLASH SALE] Nước nghệ Hưng Yên 140ml TẶNG Mặt nạ nghệ 30ml Cocoon,340.0,568.0,"4,9",174.0,,2023-03-27,Ginger,G,15
1723,[Mã COSCN12 giảm 8%] Bigsize - Mặt nạ nghệ Hưng Yên Cocoon giúp da rạng rỡ & mịn màng 100ml,345.0,43000.0,"4,9",16000.0,,2023-03-27,Ginger,G,16
1724,SPECIAL COMBO sáng da cơ bản từ nghệ Hưng Yên Cocoon - Tặng mặt nạ nghệ Hưng Yên Cocoon 30ml,390.0,957.0,5,362.0,,2023-03-27,Ginger,G,12
1725,[Mã COSCN12 giảm 8%] Xịt khoáng nghệ Hưng Yên Cocoon giúp sáng da và ngăn ngừa oxy hóa Cocoon 130ml,215.0,46000.0,"4,9",16000.0,,2023-03-27,Ginger,G,23
1726,[Mã COSCN12 giảm 8%] Nước nghệ Hưng Yên (toner) Cocoon làm sáng da & cấp ẩm 140ml,195.0,62000.0,5,24000.0,,2023-03-27,Ginger,G,20
1727,Bigsize - Thạch nghệ Hưng Yên giúp làm sáng da và mờ thâm Cocoon 100ml,385.0,11000.0,"4,9",365.0,,2023-03-27,Ginger,G,3
1728,Bigsize - Sữa rửa mặt nghệ Hưng Yên Cocoon giúp da sạch mịn và rạng rỡ 310ml,295.0,35000.0,"4,9",11000.0,,2023-03-27,Ginger,G,2
1729,[Mã COSCN12 giảm 8%] Combo sáng da chuyên sâu từ nghệ Hưng Yên Cocoon,817.0,395.0,5,142.0,,2023-03-27,Ginger,G,18
1730,[Mã COSCN12 giảm 8%] Sữa rửa mặt nghệ Hưng Yên Cocoon giúp da sạch mịn và rạng rỡ 140ml,195.0,98000.0,"4,9",36000.0,,2023-03-27,Ginger,G,21
1731,Thạch nghệ Hưng Yên giúp làm sáng da và mờ thâm Cocoon 30ml,195.0,31000.0,"4,9",962.0,,2023-03-27,Ginger,G,13
1732,[Mã COSCN12 giảm 8%] Tinh chất nghệ Hưng Yên (serum) Cocoon sáng da chuyên sâu & mờ vết thâm 30ml,325.0,116000.0,"4,9",43000.0,,2023-03-27,Ginger,G,22
1733,[Mã COSCN12 giảm 8%] Mặt nạ nghệ Hưng Yên Cocoon giúp da rạng rỡ & mịn màng 30ml,145.0,233000.0,5,9000.0,,2023-03-27,Ginger,G,19
1734,Tinh chất nghệ Hưng Yên x2.2 (serum) với 22% vitamin C sáng da chuyên sâu & mờ vết thâm Cocoon 30ml,465.0,51000.0,"4,9",14000.0,,2023-03-27,Ginger,G,14
